,datadate,tic,capgn,cshoc,cshtrd,eps,prccd,prchd,prcld,prcod,trfd,idbflag,incorp,naics,spcseccd,spcsrc,gsector_25,gsector_35,gsector_40,gsector_45,gsector_50,ggroup_2510,ggroup_3520,ggroup_4010,ggroup_4020,ggroup_4510,ggroup_4530,ggroup_5020,gind_251020,gind_352020,gind_401010,gind_402030,gind_451020,gind_451030,gind_453010,gind_502030,gsector_25,gsector_35,gsector_40,gsector_45,gsector_50,gsubind_25102010,gsubind_35202010,gsubind_40101010,gsubind_40203020,gsubind_45102010,gsubind_45103010,gsubind_45103020,gsubind_45301010,gsubind_45301020,gsubind_50203010,gvkey_1704,gvkey_2968,gvkey_5073,gvkey_6066,gvkey_12141,gvkey_63080,gvkey_100080,gvkey_114628,gvkey_117768,gvkey_160329,gvkey_1704,gvkey_2968,gvkey_5073,gvkey_6066,gvkey_12141,gvkey_63080,gvkey_100080,gvkey_114628,gvkey_117768,gvkey_160329,direction
12295,20101118,GM.PB,,,1527952.0,,50.45,52.75,50.2,52.5,1.0,B,DE,33611,976.0,D,1,0,0,0,0,1,0,0,0,0,0,0,1,0,0,0,0,0,0,0,1,0,0,0,0,1,0,0,0,0,0,0,0,0,0,0,0,1,0,0,0,0,0,0,0,0,0,1,0,0,0,0,0,0,0,1.0
12296,20101119,GM.PB,,,12942970.0,,50.5,50.74,49.13,50.35,1.0,B,DE,33611,976.0,D,1,0,0,0,0,1,0,0,0,0,0,0,1,0,0,0,0,0,0,0,1,0,0,0,0,1,0,0,0,0,0,0,0,0,0,0,0,1,0,0,0,0,0,0,0,0,0,1,0,0,0,0,0,0,0,1.0
12297,20101122,GM.PB,,,5957203.0,,50.55,50.87,49.93,50.49,1.0,B,DE,33611,976.0,D,1,0,0,0,0,1,0,0,0,0,0,0,1,0,0,0,0,0,0,0,1,0,0,0,0,1,0,0,0,0,0,0,0,0,0,0,0,1,0,0,0,0,0,0,0,0,0,1,0,0,0,0,0,0,0,1.0
12298,20101123,GM.PB,,,5791963.0,,49.96,50.38,49.82,50.15,1.0,B,DE,33611,976.0,D,1,0,0,0,0,1,0,0,0,0,0,0,1,0,0,0,0,0,0,0,1,0,0,0,0,1,0,0,0,0,0,0,0,0,0,0,0,1,0,0,0,0,0,0,0,0,0,1,0,0,0,0,0,0,0,0.0
12299,20101124,GM.PB,,,3997781.0,,50.29,50.49,49.94,50.4,1.0,B,DE,33611,976.0,D,1,0,0,0,0,1,0,0,0,0,0,0,1,0,0,0,0,0,0,0,1,0,0,0,0,1,0,0,0,0,0,0,0,0,0,0,0,1,0,0,0,0,0,0,0,0,0,1,0,0,0,0,0,0,0,1.0
12300,20101126,GM.PB,,,490476.0,,50.47,50.5,49.98,50.06,1.0,B,DE,33611,976.0,D,1,0,0,0,0,1,0,0,0,0,0,0,1,0,0,0,0,0,0,0,1,0,0,0,0,1,0,0,0,0,0,0,0,0,0,0,0,1,0,0,0,0,0,0,0,0,0,1,0,0,0,0,0,0,0,1.0
12301,20101129,GM.PB,,,2357936.0,,50.55,50.57,49.81,50.55,1.0,B,DE,33611,976.0,D,1,0,0,0,0,1,0,0,0,0,0,0,1,0,0,0,0,0,0,0,1,0,0,0,0,1,0,0,0,0,0,0,0,0,0,0,0,1,0,0,0,0,0,0,0,0,0,1,0,0,0,0,0,0,0,1.0
12302,20101130,GM.PB,,,3198707.0,,50.7,50.8,50.07,50.34,1.0,B,DE,33611,976.0,D,1,0,0,0,0,1,0,0,0,0,0,0,1,0,0,0,0,0,0,0,1,0,0,0,0,1,0,0,0,0,0,0,0,0,0,0,0,1,0,0,0,0,0,0,0,0,0,1,0,0,0,0,0,0,0,1.0
12303,20101201,GM.PB,,,2478526.0,,51.28,51.59,51.0,51.37,1.0,B,DE,33611,976.0,D,1,0,0,0,0,1,0,0,0,0,0,0,1,0,0,0,0,0,0,0,1,0,0,0,0,1,0,0,0,0,0,0,0,0,0,0,0,1,0,0,0,0,0,0,0,0,0,1,0,0,0,0,0,0,0,1.0
12304,20101202,GM.PB,,,2775339.0,,51.45,51.59,51.07,51.59,1.0,B,DE,33611,976.0,D,1,0,0,0,0,1,0,0,0,0,0,0,1,0,0,0,0,0,0,0,1,0,0,0,0,1,0,0,0,0,0,0,0,0,0,0,0,1,0,0,0,0,0,0,0,0,0,1,0,0,0,0,0,0,0,1.0
12305,20101203,GM.PB,,,879868.0,,51.31,51.38,50.72,51.05,1.0,B,DE,33611,976.0,D,1,0,0,0,0,1,0,0,0,0,0,0,1,0,0,0,0,0,0,0,1,0,0,0,0,1,0,0,0,0,0,0,0,0,0,0,0,1,0,0,0,0,0,0,0,0,0,1,0,0,0,0,0,0,0,0.0
12306,20101206,GM.PB,,,1836304.0,,51.32,51.51,51.13,51.14,1.0,B,DE,33611,976.0,D,1,0,0,0,0,1,0,0,0,0,0,0,1,0,0,0,0,0,0,0,1,0,0,0,0,1,0,0,0,0,0,0,0,0,0,0,0,1,0,0,0,0,0,0,0,0,0,1,0,0,0,0,0,0,0,1.0
12307,20101207,GM.PB,,87000000.0,1655146.0,,51.3,51.6,51.15,51.5,1.0,B,DE,33611,976.0,D,1,0,0,0,0,1,0,0,0,0,0,0,1,0,0,0,0,0,0,0,1,0,0,0,0,1,0,0,0,0,0,0,0,0,0,0,0,1,0,0,0,0,0,0,0,0,0,1,0,0,0,0,0,0,0,0.0
12308,20101208,GM.PB,,87000000.0,747830.0,,51.18,51.44,51.0,51.17,1.0,B,DE,33611,976.0,D,1,0,0,0,0,1,0,0,0,0,0,0,1,0,0,0,0,0,0,0,1,0,0,0,0,1,0,0,0,0,0,0,0,0,0,0,0,1,0,0,0,0,0,0,0,0,0,1,0,0,0,0,0,0,0,0.0
12309,20101209,GM.PB,,87000000.0,1411534.0,,50.36,51.09,50.25,50.93,1.0,B,DE,33611,976.0,D,1,0,0,0,0,1,0,0,0,0,0,0,1,0,0,0,0,0,0,0,1,0,0,0,0,1,0,0,0,0,0,0,0,0,0,0,0,1,0,0,0,0,0,0,0,0,0,1,0,0,0,0,0,0,0,0.0
12310,20101210,GM.PB,,87000000.0,563565.0,,50.62,50.73,50.21,50.36,1.0,B,DE,33611,976.0,D,1,0,0,0,0,1,0,0,0,0,0,0,1,0,0,0,0,0,0,0,1,0,0,0,0,1,0,0,0,0,0,0,0,0,0,0,0,1,0,0,0,0,0,0,0,0,0,1,0,0,0,0,0,0,0,1.0
12311,20101213,GM.PB,,87000000.0,1279093.0,,50.72,50.85,50.55,50.6,1.0,B,DE,33611,976.0,D,1,0,0,0,0,1,0,0,0,0,0,0,1,0,0,0,0,0,0,0,1,0,0,0,0,1,0,0,0,0,0,0,0,0,0,0,0,1,0,0,0,0,0,0,0,0,0,1,0,0,0,0,0,0,0,1.0
12312,20101214,GM.PB,,87000000.0,1898636.0,,50.72,50.82,50.28,50.52,1.0,B,DE,33611,976.0,D,1,0,0,0,0,1,0,0,0,0,0,0,1,0,0,0,0,0,0,0,1,0,0,0,0,1,0,0,0,0,0,0,0,0,0,0,0,1,0,0,0,0,0,0,0,0,0,1,0,0,0,0,0,0,0,
12313,20101215,GM.PB,,87000000.0,1842493.0,,50.49,50.91,50.36,50.36,1.0,B,DE,33611,976.0,D,1,0,0,0,0,1,0,0,0,0,0,0,1,0,0,0,0,0,0,0,1,0,0,0,0,1,0,0,0,0,0,0,0,0,0,0,0,1,0,0,0,0,0,0,0,0,0,1,0,0,0,0,0,0,0,0.0
12314,20101216,GM.PB,,87000000.0,979262.0,,50.45,51.95,50.36,51.95,1.0,B,DE,33611,976.0,D,1,0,0,0,0,1,0,0,0,0,0,0,1,0,0,0,0,0,0,0,1,0,0,0,0,1,0,0,0,0,0,0,0,0,0,0,0,1,0,0,0,0,0,0,0,0,0,1,0,0,0,0,0,0,0,0.0
12315,20101217,GM.PB,,87000000.0,781686.0,,50.73,50.73,50.0,50.3,1.0,B,DE,33611,976.0,D,1,0,0,0,0,1,0,0,0,0,0,0,1,0,0,0,0,0,0,0,1,0,0,0,0,1,0,0,0,0,0,0,0,0,0,0,0,1,0,0,0,0,0,0,0,0,0,1,0,0,0,0,0,0,0,1.0
12316,20101220,GM.PB,,87000000.0,611357.0,,50.5,50.84,50.5,50.75,1.0,B,DE,33611,976.0,D,1,0,0,0,0,1,0,0,0,0,0,0,1,0,0,0,0,0,0,0,1,0,0,0,0,1,0,0,0,0,0,0,0,0,0,0,0,1,0,0,0,0,0,0,0,0,0,1,0,0,0,0,0,0,0,0.0
12317,20101221,GM.PB,,87000000.0,374451.0,,50.68,50.82,50.5,50.51,1.0,B,DE,33611,976.0,D,1,0,0,0,0,1,0,0,0,0,0,0,1,0,0,0,0,0,0,0,1,0,0,0,0,1,0,0,0,0,0,0,0,0,0,0,0,1,0,0,0,0,0,0,0,0,0,1,0,0,0,0,0,0,0,1.0
12318,20101222,GM.PB,,87000000.0,787918.0,,51.78,51.85,50.48,50.62,1.0,B,DE,33611,976.0,D,1,0,0,0,0,1,0,0,0,0,0,0,1,0,0,0,0,0,0,0,1,0,0,0,0,1,0,0,0,0,0,0,0,0,0,0,0,1,0,0,0,0,0,0,0,0,0,1,0,0,0,0,0,0,0,1.0
12319,20101223,GM.PB,,87000000.0,656904.0,,51.81,52.47,51.52,51.75,1.0,B,DE,33611,976.0,D,1,0,0,0,0,1,0,0,0,0,0,0,1,0,0,0,0,0,0,0,1,0,0,0,0,1,0,0,0,0,0,0,0,0,0,0,0,1,0,0,0,0,0,0,0,0,0,1,0,0,0,0,0,0,0,1.0
12320,20101227,GM.PB,,87000000.0,291787.0,,51.55,51.91,51.04,51.24,1.0,B,DE,33611,976.0,D,1,0,0,0,0,1,0,0,0,0,0,0,1,0,0,0,0,0,0,0,1,0,0,0,0,1,0,0,0,0,0,0,0,0,0,0,0,1,0,0,0,0,0,0,0,0,0,1,0,0,0,0,0,0,0,0.0
12321,20101228,GM.PB,,87000000.0,904967.0,,52.17,52.65,52.02,52.5,1.0,B,DE,33611,976.0,D,1,0,0,0,0,1,0,0,0,0,0,0,1,0,0,0,0,0,0,0,1,0,0,0,0,1,0,0,0,0,0,0,0,0,0,0,0,1,0,0,0,0,0,0,0,0,0,1,0,0,0,0,0,0,0,1.0
12322,20101229,GM.PB,,87000000.0,624725.0,,53.0,53.3508,52.26,52.61,1.0,B,DE,33611,976.0,D,1,0,0,0,0,1,0,0,0,0,0,0,1,0,0,0,0,0,0,0,1,0,0,0,0,1,0,0,0,0,0,0,0,0,0,0,0,1,0,0,0,0,0,0,0,0,0,1,0,0,0,0,0,0,0,1.0
12323,20101230,GM.PB,,87000000.0,800653.0,,54.14,54.14,53.02,53.02,1.0,B,DE,33611,976.0,D,1,0,0,0,0,1,0,0,0,0,0,0,1,0,0,0,0,0,0,0,1,0,0,0,0,1,0,0,0,0,0,0,0,0,0,0,0,1,0,0,0,0,0,0,0,0,0,1,0,0,0,0,0,0,0,1.0
12324,20101231,GM.PB,,87000000.0,142764.0,,54.11,54.11,53.66,53.95,1.0,B,DE,33611,976.0,D,1,0,0,0,0,1,0,0,0,0,0,0,1,0,0,0,0,0,0,0,1,0,0,0,0,1,0,0,0,0,0,0,0,0,0,0,0,1,0,0,0,0,0,0,0,0,0,1,0,0,0,0,0,0,0,0.0
12325,20110103,GM.PB,,87000000.0,3944569.0,,54.4,55.44,54.286,54.5,1.0,B,DE,33611,976.0,D,1,0,0,0,0,1,0,0,0,0,0,0,1,0,0,0,0,0,0,0,1,0,0,0,0,1,0,0,0,0,0,0,0,0,0,0,0,1,0,0,0,0,0,0,0,0,0,1,0,0,0,0,0,0,0,1.0
12326,20110104,GM.PB,,87000000.0,1532548.0,,55.27,55.49,53.92,54.2,1.0,B,DE,33611,976.0,D,1,0,0,0,0,1,0,0,0,0,0,0,1,0,0,0,0,0,0,0,1,0,0,0,0,1,0,0,0,0,0,0,0,0,0,0,0,1,0,0,0,0,0,0,0,0,0,1,0,0,0,0,0,0,0,1.0
12327,20110105,GM.PB,,87000000.0,1093427.0,,55.63,55.75,54.82,55.15,1.0,B,DE,33611,976.0,D,1,0,0,0,0,1,0,0,0,0,0,0,1,0,0,0,0,0,0,0,1,0,0,0,0,1,0,0,0,0,0,0,0,0,0,0,0,1,0,0,0,0,0,0,0,0,0,1,0,0,0,0,0,0,0,1.0
12328,20110106,GM.PB,,87000000.0,3093716.0,,56.4,57.31,55.57,56.39,1.0,B,DE,33611,976.0,D,1,0,0,0,0,1,0,0,0,0,0,0,1,0,0,0,0,0,0,0,1,0,0,0,0,1,0,0,0,0,0,0,0,0,0,0,0,1,0,0,0,0,0,0,0,0,0,1,0,0,0,0,0,0,0,1.0
12329,20110107,GM.PB,,87000000.0,2242766.0,,56.52,56.9,56.04,56.51,1.0,B,DE,33611,976.0,D,1,0,0,0,0,1,0,0,0,0,0,0,1,0,0,0,0,0,0,0,1,0,0,0,0,1,0,0,0,0,0,0,0,0,0,0,0,1,0,0,0,0,0,0,0,0,0,1,0,0,0,0,0,0,0,1.0
12330,20110110,GM.PB,,87000000.0,2561474.0,,56.29,56.98,56.0,56.98,1.0,B,DE,33611,976.0,D,1,0,0,0,0,1,0,0,0,0,0,0,1,0,0,0,0,0,0,0,1,0,0,0,0,1,0,0,0,0,0,0,0,0,0,0,0,1,0,0,0,0,0,0,0,0,0,1,0,0,0,0,0,0,0,0.0
12331,20110111,GM.PB,,87000000.0,971506.0,,56.28,57.08,56.1,56.7,1.0,B,DE,33611,976.0,D,1,0,0,0,0,1,0,0,0,0,0,0,1,0,0,0,0,0,0,0,1,0,0,0,0,1,0,0,0,0,0,0,0,0,0,0,0,1,0,0,0,0,0,0,0,0,0,1,0,0,0,0,0,0,0,0.0
12332,20110112,GM.PB,,87000000.0,627390.0,,56.35,57.08,55.94,56.35,1.0,B,DE,33611,976.0,D,1,0,0,0,0,1,0,0,0,0,0,0,1,0,0,0,0,0,0,0,1,0,0,0,0,1,0,0,0,0,0,0,0,0,0,0,0,1,0,0,0,0,0,0,0,0,0,1,0,0,0,0,0,0,0,1.0
12333,20110113,GM.PB,,87000000.0,1035565.0,,55.86,56.35,55.69,56.0,1.0,B,DE,33611,976.0,D,1,0,0,0,0,1,0,0,0,0,0,0,1,0,0,0,0,0,0,0,1,0,0,0,0,1,0,0,0,0,0,0,0,0,0,0,0,1,0,0,0,0,0,0,0,0,0,1,0,0,0,0,0,0,0,0.0
12334,20110114,GM.PB,,87000000.0,903708.0,,55.89,56.09,55.67,55.77,1.0,B,DE,33611,976.0,D,1,0,0,0,0,1,0,0,0,0,0,0,1,0,0,0,0,0,0,0,1,0,0,0,0,1,0,0,0,0,0,0,0,0,0,0,0,1,0,0,0,0,0,0,0,0,0,1,0,0,0,0,0,0,0,1.0
12335,20110118,GM.PB,,87000000.0,467711.0,,55.74,55.93,54.83,55.5,1.0,B,DE,33611,976.0,D,1,0,0,0,0,1,0,0,0,0,0,0,1,0,0,0,0,0,0,0,1,0,0,0,0,1,0,0,0,0,0,0,0,0,0,0,0,1,0,0,0,0,0,0,0,0,0,1,0,0,0,0,0,0,0,0.0
12336,20110119,GM.PB,,87000000.0,1363870.0,,55.16,55.58,54.78,55.4,1.0,B,DE,33611,976.0,D,1,0,0,0,0,1,0,0,0,0,0,0,1,0,0,0,0,0,0,0,1,0,0,0,0,1,0,0,0,0,0,0,0,0,0,0,0,1,0,0,0,0,0,0,0,0,0,1,0,0,0,0,0,0,0,0.0
12337,20110120,GM.PB,,87000000.0,2571433.0,,54.87,55.0,53.87,54.62,1.0,B,DE,33611,976.0,D,1,0,0,0,0,1,0,0,0,0,0,0,1,0,0,0,0,0,0,0,1,0,0,0,0,1,0,0,0,0,0,0,0,0,0,0,0,1,0,0,0,0,0,0,0,0,0,1,0,0,0,0,0,0,0,0.0
12338,20110121,GM.PB,,87000000.0,2427719.0,,55.5,55.79,54.56,55.0,1.0,B,DE,33611,976.0,D,1,0,0,0,0,1,0,0,0,0,0,0,1,0,0,0,0,0,0,0,1,0,0,0,0,1,0,0,0,0,0,0,0,0,0,0,0,1,0,0,0,0,0,0,0,0,0,1,0,0,0,0,0,0,0,1.0
12339,20110124,GM.PB,,87000000.0,1017146.0,,55.65,55.83,54.93,55.7,1.0,B,DE,33611,976.0,D,1,0,0,0,0,1,0,0,0,0,0,0,1,0,0,0,0,0,0,0,1,0,0,0,0,1,0,0,0,0,0,0,0,0,0,0,0,1,0,0,0,0,0,0,0,0,0,1,0,0,0,0,0,0,0,1.0
12340,20110125,GM.PB,,87000000.0,1439492.0,,56.51,56.51,55.4,55.4,1.0,B,DE,33611,976.0,D,1,0,0,0,0,1,0,0,0,0,0,0,1,0,0,0,0,0,0,0,1,0,0,0,0,1,0,0,0,0,0,0,0,0,0,0,0,1,0,0,0,0,0,0,0,0,0,1,0,0,0,0,0,0,0,1.0
12341,20110126,GM.PB,,87000000.0,1664982.0,,55.9,56.99,55.81,56.75,1.0,B,DE,33611,976.0,D,1,0,0,0,0,1,0,0,0,0,0,0,1,0,0,0,0,0,0,0,1,0,0,0,0,1,0,0,0,0,0,0,0,0,0,0,0,1,0,0,0,0,0,0,0,0,0,1,0,0,0,0,0,0,0,0.0
12342,20110127,GM.PB,,87000000.0,713110.0,,56.81,57.06,55.47,55.47,1.0,B,DE,33611,976.0,D,1,0,0,0,0,1,0,0,0,0,0,0,1,0,0,0,0,0,0,0,1,0,0,0,0,1,0,0,0,0,0,0,0,0,0,0,0,1,0,0,0,0,0,0,0,0,0,1,0,0,0,0,0,0,0,1.0
12343,20110128,GM.PB,,87000000.0,2326887.0,,54.07,56.34,53.94,56.34,1.0,B,DE,33611,976.0,D,1,0,0,0,0,1,0,0,0,0,0,0,1,0,0,0,0,0,0,0,1,0,0,0,0,1,0,0,0,0,0,0,0,0,0,0,0,1,0,0,0,0,0,0,0,0,0,1,0,0,0,0,0,0,0,0.0
12344,20110131,GM.PB,,87000000.0,1107533.0,,54.31,55.04,53.64,54.4,1.0,B,DE,33611,976.0,D,1,0,0,0,0,1,0,0,0,0,0,0,1,0,0,0,0,0,0,0,1,0,0,0,0,1,0,0,0,0,0,0,0,0,0,0,0,1,0,0,0,0,0,0,0,0,0,1,0,0,0,0,0,0,0,1.0
12345,20110201,GM.PB,,87000000.0,1105573.0,,54.2,55.23,53.95,54.75,1.0,B,DE,33611,976.0,D,1,0,0,0,0,1,0,0,0,0,0,0,1,0,0,0,0,0,0,0,1,0,0,0,0,1,0,0,0,0,0,0,0,0,0,0,0,1,0,0,0,0,0,0,0,0,0,1,0,0,0,0,0,0,0,0.0
12346,20110202,GM.PB,,87000000.0,1307150.0,,53.37,54.2,53.32,53.89,1.0,B,DE,33611,976.0,D,1,0,0,0,0,1,0,0,0,0,0,0,1,0,0,0,0,0,0,0,1,0,0,0,0,1,0,0,0,0,0,0,0,0,0,0,0,1,0,0,0,0,0,0,0,0,0,1,0,0,0,0,0,0,0,0.0
12347,20110203,GM.PB,,87000000.0,1893074.0,,53.7,53.81,52.82,53.41,1.0,B,DE,33611,976.0,D,1,0,0,0,0,1,0,0,0,0,0,0,1,0,0,0,0,0,0,0,1,0,0,0,0,1,0,0,0,0,0,0,0,0,0,0,0,1,0,0,0,0,0,0,0,0,0,1,0,0,0,0,0,0,0,1.0
12348,20110204,GM.PB,,87000000.0,1266593.0,,54.44,54.6,53.64,53.95,1.0,B,DE,33611,976.0,D,1,0,0,0,0,1,0,0,0,0,0,0,1,0,0,0,0,0,0,0,1,0,0,0,0,1,0,0,0,0,0,0,0,0,0,0,0,1,0,0,0,0,0,0,0,0,0,1,0,0,0,0,0,0,0,1.0
12349,20110207,GM.PB,,87000000.0,428471.0,,54.6,55.09,54.55,54.96,1.0,B,DE,33611,976.0,D,1,0,0,0,0,1,0,0,0,0,0,0,1,0,0,0,0,0,0,0,1,0,0,0,0,1,0,0,0,0,0,0,0,0,0,0,0,1,0,0,0,0,0,0,0,0,0,1,0,0,0,0,0,0,0,1.0
12350,20110208,GM.PB,,87000000.0,378997.0,,54.85,55.04,54.3,54.97,1.0,B,DE,33611,976.0,D,1,0,0,0,0,1,0,0,0,0,0,0,1,0,0,0,0,0,0,0,1,0,0,0,0,1,0,0,0,0,0,0,0,0,0,0,0,1,0,0,0,0,0,0,0,0,0,1,0,0,0,0,0,0,0,1.0
12351,20110209,GM.PB,,87000000.0,623584.0,,54.22,54.95,54.12,54.95,1.0,B,DE,33611,976.0,D,1,0,0,0,0,1,0,0,0,0,0,0,1,0,0,0,0,0,0,0,1,0,0,0,0,1,0,0,0,0,0,0,0,0,0,0,0,1,0,0,0,0,0,0,0,0,0,1,0,0,0,0,0,0,0,0.0
12352,20110210,GM.PB,,87000000.0,814771.0,,53.75,54.58,53.31,54.51,1.0,B,DE,33611,976.0,D,1,0,0,0,0,1,0,0,0,0,0,0,1,0,0,0,0,0,0,0,1,0,0,0,0,1,0,0,0,0,0,0,0,0,0,0,0,1,0,0,0,0,0,0,0,0,0,1,0,0,0,0,0,0,0,0.0
12353,20110211,GM.PB,,87000000.0,2899350.0,,54.18,54.18,52.89,53.26,1.01193245,B,DE,33611,976.0,D,1,0,0,0,0,1,0,0,0,0,0,0,1,0,0,0,0,0,0,0,1,0,0,0,0,1,0,0,0,0,0,0,0,0,0,0,0,1,0,0,0,0,0,0,0,0,0,1,0,0,0,0,0,0,0,1.0
12354,20110214,GM.PB,,87000000.0,850184.0,,54.0,54.18,53.7,53.95,1.01193245,B,DE,33611,976.0,D,1,0,0,0,0,1,0,0,0,0,0,0,1,0,0,0,0,0,0,0,1,0,0,0,0,1,0,0,0,0,0,0,0,0,0,0,0,1,0,0,0,0,0,0,0,0,0,1,0,0,0,0,0,0,0,0.0
12355,20110215,GM.PB,,87000000.0,1199753.0,,53.68,53.93,53.41,53.82,1.01193245,B,DE,33611,976.0,D,1,0,0,0,0,1,0,0,0,0,0,0,1,0,0,0,0,0,0,0,1,0,0,0,0,1,0,0,0,0,0,0,0,0,0,0,0,1,0,0,0,0,0,0,0,0,0,1,0,0,0,0,0,0,0,0.0
12356,20110216,GM.PB,,87000000.0,979099.0,,54.45,54.6,53.51,53.51,1.01193245,B,DE,33611,976.0,D,1,0,0,0,0,1,0,0,0,0,0,0,1,0,0,0,0,0,0,0,1,0,0,0,0,1,0,0,0,0,0,0,0,0,0,0,0,1,0,0,0,0,0,0,0,0,0,1,0,0,0,0,0,0,0,1.0
12357,20110217,GM.PB,,87000000.0,750746.0,,54.06,54.39,53.93,54.0,1.01193245,B,DE,33611,976.0,D,1,0,0,0,0,1,0,0,0,0,0,0,1,0,0,0,0,0,0,0,1,0,0,0,0,1,0,0,0,0,0,0,0,0,0,0,0,1,0,0,0,0,0,0,0,0,0,1,0,0,0,0,0,0,0,0.0
12358,20110218,GM.PB,,87000000.0,481683.0,,54.32,54.51,54.06,54.06,1.01193245,B,DE,33611,976.0,D,1,0,0,0,0,1,0,0,0,0,0,0,1,0,0,0,0,0,0,0,1,0,0,0,0,1,0,0,0,0,0,0,0,0,0,0,0,1,0,0,0,0,0,0,0,0,0,1,0,0,0,0,0,0,0,1.0
12359,20110222,GM.PB,,87000000.0,724654.0,,53.05,53.82,52.93,53.32,1.01193245,B,DE,33611,976.0,D,1,0,0,0,0,1,0,0,0,0,0,0,1,0,0,0,0,0,0,0,1,0,0,0,0,1,0,0,0,0,0,0,0,0,0,0,0,1,0,0,0,0,0,0,0,0,0,1,0,0,0,0,0,0,0,0.0
12360,20110223,GM.PB,,87000000.0,1057391.0,,51.8,53.45,51.07,52.65,1.01193245,B,DE,33611,976.0,D,1,0,0,0,0,1,0,0,0,0,0,0,1,0,0,0,0,0,0,0,1,0,0,0,0,1,0,0,0,0,0,0,0,0,0,0,0,1,0,0,0,0,0,0,0,0,0,1,0,0,0,0,0,0,0,0.0
12361,20110224,GM.PB,,87000000.0,3640680.0,,50.53,52.27,49.0,52.02,1.01193245,B,DE,33611,976.0,D,1,0,0,0,0,1,0,0,0,0,0,0,1,0,0,0,0,0,0,0,1,0,0,0,0,1,0,0,0,0,0,0,0,0,0,0,0,1,0,0,0,0,0,0,0,0,0,1,0,0,0,0,0,0,0,0.0
12362,20110225,GM.PB,,87000000.0,4670646.0,,50.49,51.64,50.49,50.83,1.01193245,B,DE,33611,976.0,D,1,0,0,0,0,1,0,0,0,0,0,0,1,0,0,0,0,0,0,0,1,0,0,0,0,1,0,0,0,0,0,0,0,0,0,0,0,1,0,0,0,0,0,0,0,0,0,1,0,0,0,0,0,0,0,0.0
12363,20110228,GM.PB,,87000000.0,1557434.0,,50.88,51.14,50.22,50.96,1.01193245,B,DE,33611,976.0,D,1,0,0,0,0,1,0,0,0,0,0,0,1,0,0,0,0,0,0,0,1,0,0,0,0,1,0,0,0,0,0,0,0,0,0,0,0,1,0,0,0,0,0,0,0,0,0,1,0,0,0,0,0,0,0,1.0
12364,20110301,GM.PB,,87000000.0,1945301.0,,50.04,51.0,49.78,51.0,1.01193245,B,DE,33611,976.0,D,1,0,0,0,0,1,0,0,0,0,0,0,1,0,0,0,0,0,0,0,1,0,0,0,0,1,0,0,0,0,0,0,0,0,0,0,0,1,0,0,0,0,0,0,0,0,0,1,0,0,0,0,0,0,0,0.0
12365,20110302,GM.PB,,87000000.0,1280100.0,,50.09,50.37,49.855,50.22,1.01193245,B,DE,33611,976.0,D,1,0,0,0,0,1,0,0,0,0,0,0,1,0,0,0,0,0,0,0,1,0,0,0,0,1,0,0,0,0,0,0,0,0,0,0,0,1,0,0,0,0,0,0,0,0,0,1,0,0,0,0,0,0,0,1.0
12366,20110303,GM.PB,,87000000.0,2097466.0,,50.17,50.4,49.85,50.4,1.01193245,B,DE,33611,976.0,D,1,0,0,0,0,1,0,0,0,0,0,0,1,0,0,0,0,0,0,0,1,0,0,0,0,1,0,0,0,0,0,0,0,0,0,0,0,1,0,0,0,0,0,0,0,0,0,1,0,0,0,0,0,0,0,1.0
12367,20110304,GM.PB,,87000000.0,2055010.0,,49.4601,50.1999,49.05,50.05,1.01193245,B,DE,33611,976.0,D,1,0,0,0,0,1,0,0,0,0,0,0,1,0,0,0,0,0,0,0,1,0,0,0,0,1,0,0,0,0,0,0,0,0,0,0,0,1,0,0,0,0,0,0,0,0,0,1,0,0,0,0,0,0,0,0.0
12368,20110307,GM.PB,,87000000.0,1238506.0,,48.47,49.6,48.38,49.6,1.01193245,B,DE,33611,976.0,D,1,0,0,0,0,1,0,0,0,0,0,0,1,0,0,0,0,0,0,0,1,0,0,0,0,1,0,0,0,0,0,0,0,0,0,0,0,1,0,0,0,0,0,0,0,0,0,1,0,0,0,0,0,0,0,0.0
12369,20110308,GM.PB,,87000000.0,2382444.0,,49.6,49.77,48.53,48.67,1.01193245,B,DE,33611,976.0,D,1,0,0,0,0,1,0,0,0,0,0,0,1,0,0,0,0,0,0,0,1,0,0,0,0,1,0,0,0,0,0,0,0,0,0,0,0,1,0,0,0,0,0,0,0,0,0,1,0,0,0,0,0,0,0,1.0
12370,20110309,GM.PB,,87000000.0,532361.0,,48.99,49.69,48.9175,49.69,1.01193245,B,DE,33611,976.0,D,1,0,0,0,0,1,0,0,0,0,0,0,1,0,0,0,0,0,0,0,1,0,0,0,0,1,0,0,0,0,0,0,0,0,0,0,0,1,0,0,0,0,0,0,0,0,0,1,0,0,0,0,0,0,0,0.0
12371,20110310,GM.PB,,87000000.0,3540494.0,,48.19,48.5,47.7,48.15,1.01193245,B,DE,33611,976.0,D,1,0,0,0,0,1,0,0,0,0,0,0,1,0,0,0,0,0,0,0,1,0,0,0,0,1,0,0,0,0,0,0,0,0,0,0,0,1,0,0,0,0,0,0,0,0,0,1,0,0,0,0,0,0,0,0.0
12372,20110311,GM.PB,,87000000.0,1866790.0,,48.54,48.73,47.9,48.04,1.01193245,B,DE,33611,976.0,D,1,0,0,0,0,1,0,0,0,0,0,0,1,0,0,0,0,0,0,0,1,0,0,0,0,1,0,0,0,0,0,0,0,0,0,0,0,1,0,0,0,0,0,0,0,0,0,1,0,0,0,0,0,0,0,1.0
12373,20110314,GM.PB,,87000000.0,1299151.0,,48.46,48.98,48.24,48.74,1.01193245,B,DE,33611,976.0,D,1,0,0,0,0,1,0,0,0,0,0,0,1,0,0,0,0,0,0,0,1,0,0,0,0,1,0,0,0,0,0,0,0,0,0,0,0,1,0,0,0,0,0,0,0,0,0,1,0,0,0,0,0,0,0,0.0
12374,20110315,GM.PB,,87000000.0,1603777.0,,49.25,49.37,47.35,47.47,1.01193245,B,DE,33611,976.0,D,1,0,0,0,0,1,0,0,0,0,0,0,1,0,0,0,0,0,0,0,1,0,0,0,0,1,0,0,0,0,0,0,0,0,0,0,0,1,0,0,0,0,0,0,0,0,0,1,0,0,0,0,0,0,0,1.0
12375,20110316,GM.PB,,87000000.0,974807.0,,48.79,49.5,48.38,49.5,1.01193245,B,DE,33611,976.0,D,1,0,0,0,0,1,0,0,0,0,0,0,1,0,0,0,0,0,0,0,1,0,0,0,0,1,0,0,0,0,0,0,0,0,0,0,0,1,0,0,0,0,0,0,0,0,0,1,0,0,0,0,0,0,0,0.0
12376,20110317,GM.PB,,87000000.0,248208.0,,48.39,49.37,48.26,49.12,1.01193245,B,DE,33611,976.0,D,1,0,0,0,0,1,0,0,0,0,0,0,1,0,0,0,0,0,0,0,1,0,0,0,0,1,0,0,0,0,0,0,0,0,0,0,0,1,0,0,0,0,0,0,0,0,0,1,0,0,0,0,0,0,0,0.0
12377,20110318,GM.PB,,87000000.0,463491.0,,48.91,49.05,48.5,48.79,1.01193245,B,DE,33611,976.0,D,1,0,0,0,0,1,0,0,0,0,0,0,1,0,0,0,0,0,0,0,1,0,0,0,0,1,0,0,0,0,0,0,0,0,0,0,0,1,0,0,0,0,0,0,0,0,0,1,0,0,0,0,0,0,0,1.0
12378,20110321,GM.PB,,87000000.0,1346005.0,,48.27,49.5,48.27,49.5,1.01193245,B,DE,33611,976.0,D,1,0,0,0,0,1,0,0,0,0,0,0,1,0,0,0,0,0,0,0,1,0,0,0,0,1,0,0,0,0,0,0,0,0,0,0,0,1,0,0,0,0,0,0,0,0,0,1,0,0,0,0,0,0,0,0.0
12379,20110322,GM.PB,,87000000.0,1047563.0,,47.85,48.57,47.57,48.57,1.01193245,B,DE,33611,976.0,D,1,0,0,0,0,1,0,0,0,0,0,0,1,0,0,0,0,0,0,0,1,0,0,0,0,1,0,0,0,0,0,0,0,0,0,0,0,1,0,0,0,0,0,0,0,0,0,1,0,0,0,0,0,0,0,0.0
12380,20110323,GM.PB,,87000000.0,1129669.0,,48.3,48.36,47.24,47.51,1.01193245,B,DE,33611,976.0,D,1,0,0,0,0,1,0,0,0,0,0,0,1,0,0,0,0,0,0,0,1,0,0,0,0,1,0,0,0,0,0,0,0,0,0,0,0,1,0,0,0,0,0,0,0,0,0,1,0,0,0,0,0,0,0,1.0
12381,20110324,GM.PB,,87000000.0,647771.0,,48.45,48.78,48.37,48.6,1.01193245,B,DE,33611,976.0,D,1,0,0,0,0,1,0,0,0,0,0,0,1,0,0,0,0,0,0,0,1,0,0,0,0,1,0,0,0,0,0,0,0,0,0,0,0,1,0,0,0,0,0,0,0,0,0,1,0,0,0,0,0,0,0,1.0
12382,20110325,GM.PB,,87000000.0,844776.0,,48.58,48.88,48.24,48.8,1.01193245,B,DE,33611,976.0,D,1,0,0,0,0,1,0,0,0,0,0,0,1,0,0,0,0,0,0,0,1,0,0,0,0,1,0,0,0,0,0,0,0,0,0,0,0,1,0,0,0,0,0,0,0,0,0,1,0,0,0,0,0,0,0,1.0
12383,20110328,GM.PB,,87000000.0,709826.0,,48.04,48.8,47.97,48.8,1.01193245,B,DE,33611,976.0,D,1,0,0,0,0,1,0,0,0,0,0,0,1,0,0,0,0,0,0,0,1,0,0,0,0,1,0,0,0,0,0,0,0,0,0,0,0,1,0,0,0,0,0,0,0,0,0,1,0,0,0,0,0,0,0,0.0
12384,20110329,GM.PB,,87000000.0,1395875.0,,48.19,48.3,47.73,48.15,1.01193245,B,DE,33611,976.0,D,1,0,0,0,0,1,0,0,0,0,0,0,1,0,0,0,0,0,0,0,1,0,0,0,0,1,0,0,0,0,0,0,0,0,0,0,0,1,0,0,0,0,0,0,0,0,0,1,0,0,0,0,0,0,0,1.0
12385,20110330,GM.PB,,87000000.0,759250.0,,48.66,48.8,48.2,48.45,1.01193245,B,DE,33611,976.0,D,1,0,0,0,0,1,0,0,0,0,0,0,1,0,0,0,0,0,0,0,1,0,0,0,0,1,0,0,0,0,0,0,0,0,0,0,0,1,0,0,0,0,0,0,0,0,0,1,0,0,0,0,0,0,0,1.0
12386,20110331,GM.PB,,87000000.0,456875.0,,48.2,48.7,48.12,48.65,1.01193245,B,DE,33611,976.0,D,1,0,0,0,0,1,0,0,0,0,0,0,1,0,0,0,0,0,0,0,1,0,0,0,0,1,0,0,0,0,0,0,0,0,0,0,0,1,0,0,0,0,0,0,0,0,0,1,0,0,0,0,0,0,0,0.0
12387,20110401,GM.PB,,87000000.0,3824095.0,,49.67,49.79,47.96,48.54,1.01193245,B,DE,33611,976.0,D,1,0,0,0,0,1,0,0,0,0,0,0,1,0,0,0,0,0,0,0,1,0,0,0,0,1,0,0,0,0,0,0,0,0,0,0,0,1,0,0,0,0,0,0,0,0,0,1,0,0,0,0,0,0,0,1.0
12388,20110404,GM.PB,,87000000.0,1273865.0,,49.45,49.98,49.42,49.82,1.01193245,B,DE,33611,976.0,D,1,0,0,0,0,1,0,0,0,0,0,0,1,0,0,0,0,0,0,0,1,0,0,0,0,1,0,0,0,0,0,0,0,0,0,0,0,1,0,0,0,0,0,0,0,0,0,1,0,0,0,0,0,0,0,0.0
12389,20110405,GM.PB,,87000000.0,135793.0,,50.07,50.1,49.23,49.6,1.01193245,B,DE,33611,976.0,D,1,0,0,0,0,1,0,0,0,0,0,0,1,0,0,0,0,0,0,0,1,0,0,0,0,1,0,0,0,0,0,0,0,0,0,0,0,1,0,0,0,0,0,0,0,0,0,1,0,0,0,0,0,0,0,1.0
12390,20110406,GM.PB,,100000000.0,473210.0,,50.13,50.5911,49.69,50.24,1.01193245,B,DE,33611,976.0,D,1,0,0,0,0,1,0,0,0,0,0,0,1,0,0,0,0,0,0,0,1,0,0,0,0,1,0,0,0,0,0,0,0,0,0,0,0,1,0,0,0,0,0,0,0,0,0,1,0,0,0,0,0,0,0,1.0
12391,20110407,GM.PB,,100000000.0,1047782.0,,49.45,50.13,49.25,50.13,1.01193245,B,DE,33611,976.0,D,1,0,0,0,0,1,0,0,0,0,0,0,1,0,0,0,0,0,0,0,1,0,0,0,0,1,0,0,0,0,0,0,0,0,0,0,0,1,0,0,0,0,0,0,0,0,0,1,0,0,0,0,0,0,0,0.0
12392,20110408,GM.PB,,100000000.0,568667.0,,48.59,49.84,48.35,49.5,1.01193245,B,DE,33611,976.0,D,1,0,0,0,0,1,0,0,0,0,0,0,1,0,0,0,0,0,0,0,1,0,0,0,0,1,0,0,0,0,0,0,0,0,0,0,0,1,0,0,0,0,0,0,0,0,0,1,0,0,0,0,0,0,0,0.0
12393,20110411,GM.PB,,100000000.0,780882.0,,47.66,48.46,47.52,48.46,1.01193245,B,DE,33611,976.0,D,1,0,0,0,0,1,0,0,0,0,0,0,1,0,0,0,0,0,0,0,1,0,0,0,0,1,0,0,0,0,0,0,0,0,0,0,0,1,0,0,0,0,0,0,0,0,0,1,0,0,0,0,0,0,0,0.0
12394,20110412,GM.PB,,100000000.0,730263.0,,48.28,48.35,47.0,47.41,1.01193245,B,DE,33611,976.0,D,1,0,0,0,0,1,0,0,0,0,0,0,1,0,0,0,0,0,0,0,1,0,0,0,0,1,0,0,0,0,0,0,0,0,0,0,0,1,0,0,0,0,0,0,0,0,0,1,0,0,0,0,0,0,0,1.0
12395,20110413,GM.PB,,100000000.0,3001763.0,,47.88,48.43,47.52,48.37,1.01193245,B,DE,33611,976.0,D,1,0,0,0,0,1,0,0,0,0,0,0,1,0,0,0,0,0,0,0,1,0,0,0,0,1,0,0,0,0,0,0,0,0,0,0,0,1,0,0,0,0,0,0,0,0,0,1,0,0,0,0,0,0,0,0.0
12396,20110414,GM.PB,,100000000.0,481604.0,,47.41,47.83,47.25,47.45,1.01193245,B,DE,33611,976.0,D,1,0,0,0,0,1,0,0,0,0,0,0,1,0,0,0,0,0,0,0,1,0,0,0,0,1,0,0,0,0,0,0,0,0,0,0,0,1,0,0,0,0,0,0,0,0,0,1,0,0,0,0,0,0,0,0.0
12397,20110415,GM.PB,,100000000.0,252827.0,,47.25,47.7099,47.08,47.67,1.01193245,B,DE,33611,976.0,D,1,0,0,0,0,1,0,0,0,0,0,0,1,0,0,0,0,0,0,0,1,0,0,0,0,1,0,0,0,0,0,0,0,0,0,0,0,1,0,0,0,0,0,0,0,0,0,1,0,0,0,0,0,0,0,0.0
12398,20110418,GM.PB,,100000000.0,140020.0,,46.85,47.11,46.83,47.09,1.01193245,B,DE,33611,976.0,D,1,0,0,0,0,1,0,0,0,0,0,0,1,0,0,0,0,0,0,0,1,0,0,0,0,1,0,0,0,0,0,0,0,0,0,0,0,1,0,0,0,0,0,0,0,0,0,1,0,0,0,0,0,0,0,0.0
12399,20110419,GM.PB,,100000000.0,1816024.0,,46.52,46.86,46.1,46.86,1.01193245,B,DE,33611,976.0,D,1,0,0,0,0,1,0,0,0,0,0,0,1,0,0,0,0,0,0,0,1,0,0,0,0,1,0,0,0,0,0,0,0,0,0,0,0,1,0,0,0,0,0,0,0,0,0,1,0,0,0,0,0,0,0,0.0
12400,20110420,GM.PB,,100000000.0,1342680.0,,47.0,47.32,46.3,46.83,1.01193245,B,DE,33611,976.0,D,1,0,0,0,0,1,0,0,0,0,0,0,1,0,0,0,0,0,0,0,1,0,0,0,0,1,0,0,0,0,0,0,0,0,0,0,0,1,0,0,0,0,0,0,0,0,0,1,0,0,0,0,0,0,0,1.0
12401,20110421,GM.PB,,100000000.0,862472.0,,48.2,48.26,46.63,46.63,1.01193245,B,DE,33611,976.0,D,1,0,0,0,0,1,0,0,0,0,0,0,1,0,0,0,0,0,0,0,1,0,0,0,0,1,0,0,0,0,0,0,0,0,0,0,0,1,0,0,0,0,0,0,0,0,0,1,0,0,0,0,0,0,0,1.0
12402,20110425,GM.PB,,100000000.0,1127763.0,,48.46,48.46,47.47,48.23,1.01193245,B,DE,33611,976.0,D,1,0,0,0,0,1,0,0,0,0,0,0,1,0,0,0,0,0,0,0,1,0,0,0,0,1,0,0,0,0,0,0,0,0,0,0,0,1,0,0,0,0,0,0,0,0,0,1,0,0,0,0,0,0,0,1.0
12403,20110426,GM.PB,,100000000.0,779066.0,,48.8,48.94,48.36,48.94,1.01193245,B,DE,33611,976.0,D,1,0,0,0,0,1,0,0,0,0,0,0,1,0,0,0,0,0,0,0,1,0,0,0,0,1,0,0,0,0,0,0,0,0,0,0,0,1,0,0,0,0,0,0,0,0,0,1,0,0,0,0,0,0,0,1.0
12404,20110427,GM.PB,,100000000.0,199499.0,,49.33,49.33,48.71,48.71,1.01193245,B,DE,33611,976.0,D,1,0,0,0,0,1,0,0,0,0,0,0,1,0,0,0,0,0,0,0,1,0,0,0,0,1,0,0,0,0,0,0,0,0,0,0,0,1,0,0,0,0,0,0,0,0,0,1,0,0,0,0,0,0,0,1.0
12405,20110428,GM.PB,,100000000.0,407097.0,,49.62,49.7,48.95,49.05,1.01193245,B,DE,33611,976.0,D,1,0,0,0,0,1,0,0,0,0,0,0,1,0,0,0,0,0,0,0,1,0,0,0,0,1,0,0,0,0,0,0,0,0,0,0,0,1,0,0,0,0,0,0,0,0,0,1,0,0,0,0,0,0,0,1.0
12406,20110429,GM.PB,,100000000.0,453869.0,,49.81,50.2,49.66,49.9,1.01193245,B,DE,33611,976.0,D,1,0,0,0,0,1,0,0,0,0,0,0,1,0,0,0,0,0,0,0,1,0,0,0,0,1,0,0,0,0,0,0,0,0,0,0,0,1,0,0,0,0,0,0,0,0,0,1,0,0,0,0,0,0,0,1.0
12407,20110502,GM.PB,,100000000.0,181850.0,,49.74,50.26,49.66,50.06,1.01193245,B,DE,33611,976.0,D,1,0,0,0,0,1,0,0,0,0,0,0,1,0,0,0,0,0,0,0,1,0,0,0,0,1,0,0,0,0,0,0,0,0,0,0,0,1,0,0,0,0,0,0,0,0,0,1,0,0,0,0,0,0,0,0.0
12408,20110503,GM.PB,,100000000.0,245451.0,,50.85,51.16,50.16,50.16,1.01193245,B,DE,33611,976.0,D,1,0,0,0,0,1,0,0,0,0,0,0,1,0,0,0,0,0,0,0,1,0,0,0,0,1,0,0,0,0,0,0,0,0,0,0,0,1,0,0,0,0,0,0,0,0,0,1,0,0,0,0,0,0,0,1.0
12409,20110504,GM.PB,,100000000.0,1122586.0,,51.03,51.48,50.55,51.0,1.01193245,B,DE,33611,976.0,D,1,0,0,0,0,1,0,0,0,0,0,0,1,0,0,0,0,0,0,0,1,0,0,0,0,1,0,0,0,0,0,0,0,0,0,0,0,1,0,0,0,0,0,0,0,0,0,1,0,0,0,0,0,0,0,1.0
12410,20110505,GM.PB,,100000000.0,319634.0,,49.85,50.6,49.32,49.65,1.01193245,B,DE,33611,976.0,D,1,0,0,0,0,1,0,0,0,0,0,0,1,0,0,0,0,0,0,0,1,0,0,0,0,1,0,0,0,0,0,0,0,0,0,0,0,1,0,0,0,0,0,0,0,0,0,1,0,0,0,0,0,0,0,0.0
12411,20110506,GM.PB,,100000000.0,235425.0,,49.77,50.59,49.687,50.59,1.01193245,B,DE,33611,976.0,D,1,0,0,0,0,1,0,0,0,0,0,0,1,0,0,0,0,0,0,0,1,0,0,0,0,1,0,0,0,0,0,0,0,0,0,0,0,1,0,0,0,0,0,0,0,0,0,1,0,0,0,0,0,0,0,0.0
12412,20110509,GM.PB,,100000000.0,245625.0,,49.26,49.86,49.23,49.68,1.01193245,B,DE,33611,976.0,D,1,0,0,0,0,1,0,0,0,0,0,0,1,0,0,0,0,0,0,0,1,0,0,0,0,1,0,0,0,0,0,0,0,0,0,0,0,1,0,0,0,0,0,0,0,0,0,1,0,0,0,0,0,0,0,0.0
12413,20110510,GM.PB,,100000000.0,184802.0,,49.49,49.53,49.2,49.38,1.01193245,B,DE,33611,976.0,D,1,0,0,0,0,1,0,0,0,0,0,0,1,0,0,0,0,0,0,0,1,0,0,0,0,1,0,0,0,0,0,0,0,0,0,0,0,1,0,0,0,0,0,0,0,0,0,1,0,0,0,0,0,0,0,1.0
12414,20110511,GM.PB,,100000000.0,170894.0,,48.588,49.17,48.3725,49.1,1.0242994,B,DE,33611,976.0,D,1,0,0,0,0,1,0,0,0,0,0,0,1,0,0,0,0,0,0,0,1,0,0,0,0,1,0,0,0,0,0,0,0,0,0,0,0,1,0,0,0,0,0,0,0,0,0,1,0,0,0,0,0,0,0,0.0
12415,20110512,GM.PB,,100000000.0,168713.0,,48.81,48.9604,48.18,48.45,1.0242994,B,DE,33611,976.0,D,1,0,0,0,0,1,0,0,0,0,0,0,1,0,0,0,0,0,0,0,1,0,0,0,0,1,0,0,0,0,0,0,0,0,0,0,0,1,0,0,0,0,0,0,0,0,0,1,0,0,0,0,0,0,0,1.0
12416,20110513,GM.PB,,100000000.0,183561.0,,48.46,49.0,48.14,49.0,1.0242994,B,DE,33611,976.0,D,1,0,0,0,0,1,0,0,0,0,0,0,1,0,0,0,0,0,0,0,1,0,0,0,0,1,0,0,0,0,0,0,0,0,0,0,0,1,0,0,0,0,0,0,0,0,0,1,0,0,0,0,0,0,0,0.0
12417,20110516,GM.PB,,100000000.0,610646.0,,48.81,49.15,48.52,48.86,1.0242994,B,DE,33611,976.0,D,1,0,0,0,0,1,0,0,0,0,0,0,1,0,0,0,0,0,0,0,1,0,0,0,0,1,0,0,0,0,0,0,0,0,0,0,0,1,0,0,0,0,0,0,0,0,0,1,0,0,0,0,0,0,0,1.0
12418,20110517,GM.PB,,100000000.0,1425003.0,,48.99,49.23,48.644,48.85,1.0242994,B,DE,33611,976.0,D,1,0,0,0,0,1,0,0,0,0,0,0,1,0,0,0,0,0,0,0,1,0,0,0,0,1,0,0,0,0,0,0,0,0,0,0,0,1,0,0,0,0,0,0,0,0,0,1,0,0,0,0,0,0,0,1.0
12419,20110518,GM.PB,,100000000.0,730814.0,,49.34,49.55,48.8,48.97,1.0242994,B,DE,33611,976.0,D,1,0,0,0,0,1,0,0,0,0,0,0,1,0,0,0,0,0,0,0,1,0,0,0,0,1,0,0,0,0,0,0,0,0,0,0,0,1,0,0,0,0,0,0,0,0,0,1,0,0,0,0,0,0,0,1.0
12420,20110519,GM.PB,,100000000.0,645688.0,,49.3,49.74,49.1,49.68,1.0242994,B,DE,33611,976.0,D,1,0,0,0,0,1,0,0,0,0,0,0,1,0,0,0,0,0,0,0,1,0,0,0,0,1,0,0,0,0,0,0,0,0,0,0,0,1,0,0,0,0,0,0,0,0,0,1,0,0,0,0,0,0,0,0.0
12421,20110520,GM.PB,,100000000.0,246806.0,,49.16,49.25,48.9,49.16,1.0242994,B,DE,33611,976.0,D,1,0,0,0,0,1,0,0,0,0,0,0,1,0,0,0,0,0,0,0,1,0,0,0,0,1,0,0,0,0,0,0,0,0,0,0,0,1,0,0,0,0,0,0,0,0,0,1,0,0,0,0,0,0,0,0.0
12422,20110523,GM.PB,,100000000.0,499071.0,,48.85,49.12,48.36,48.75,1.0242994,B,DE,33611,976.0,D,1,0,0,0,0,1,0,0,0,0,0,0,1,0,0,0,0,0,0,0,1,0,0,0,0,1,0,0,0,0,0,0,0,0,0,0,0,1,0,0,0,0,0,0,0,0,0,1,0,0,0,0,0,0,0,0.0
12423,20110524,GM.PB,,100000000.0,266926.0,,48.72,49.16,48.37,49.16,1.0242994,B,DE,33611,976.0,D,1,0,0,0,0,1,0,0,0,0,0,0,1,0,0,0,0,0,0,0,1,0,0,0,0,1,0,0,0,0,0,0,0,0,0,0,0,1,0,0,0,0,0,0,0,0,0,1,0,0,0,0,0,0,0,0.0
12424,20110525,GM.PB,,100000000.0,172964.0,,49.29,49.35,48.54,48.58,1.0242994,B,DE,33611,976.0,D,1,0,0,0,0,1,0,0,0,0,0,0,1,0,0,0,0,0,0,0,1,0,0,0,0,1,0,0,0,0,0,0,0,0,0,0,0,1,0,0,0,0,0,0,0,0,0,1,0,0,0,0,0,0,0,1.0
12425,20110526,GM.PB,,100000000.0,214544.0,,48.53,49.08,48.5,49.08,1.0242994,B,DE,33611,976.0,D,1,0,0,0,0,1,0,0,0,0,0,0,1,0,0,0,0,0,0,0,1,0,0,0,0,1,0,0,0,0,0,0,0,0,0,0,0,1,0,0,0,0,0,0,0,0,0,1,0,0,0,0,0,0,0,0.0
12426,20110527,GM.PB,,100000000.0,186464.0,,49.5,49.61,48.59,48.59,1.0242994,B,DE,33611,976.0,D,1,0,0,0,0,1,0,0,0,0,0,0,1,0,0,0,0,0,0,0,1,0,0,0,0,1,0,0,0,0,0,0,0,0,0,0,0,1,0,0,0,0,0,0,0,0,0,1,0,0,0,0,0,0,0,1.0
12427,20110531,GM.PB,,100000000.0,262622.0,,50.1,50.16,49.31,49.98,1.0242994,B,DE,33611,976.0,D,1,0,0,0,0,1,0,0,0,0,0,0,1,0,0,0,0,0,0,0,1,0,0,0,0,1,0,0,0,0,0,0,0,0,0,0,0,1,0,0,0,0,0,0,0,0,0,1,0,0,0,0,0,0,0,1.0
12428,20110601,GM.PB,,100000000.0,454708.0,,48.24,50.01,48.2,50.01,1.0242994,B,DE,33611,976.0,D,1,0,0,0,0,1,0,0,0,0,0,0,1,0,0,0,0,0,0,0,1,0,0,0,0,1,0,0,0,0,0,0,0,0,0,0,0,1,0,0,0,0,0,0,0,0,0,1,0,0,0,0,0,0,0,0.0
12429,20110602,GM.PB,,100000000.0,571245.0,,47.64,48.61,47.27,48.16,1.0242994,B,DE,33611,976.0,D,1,0,0,0,0,1,0,0,0,0,0,0,1,0,0,0,0,0,0,0,1,0,0,0,0,1,0,0,0,0,0,0,0,0,0,0,0,1,0,0,0,0,0,0,0,0,0,1,0,0,0,0,0,0,0,0.0
12430,20110603,GM.PB,,100000000.0,400709.0,,47.07,47.6,46.8685,47.28,1.0242994,B,DE,33611,976.0,D,1,0,0,0,0,1,0,0,0,0,0,0,1,0,0,0,0,0,0,0,1,0,0,0,0,1,0,0,0,0,0,0,0,0,0,0,0,1,0,0,0,0,0,0,0,0,0,1,0,0,0,0,0,0,0,0.0
12431,20110606,GM.PB,,100000000.0,217918.0,,46.61,47.37,46.58,47.17,1.0242994,B,DE,33611,976.0,D,1,0,0,0,0,1,0,0,0,0,0,0,1,0,0,0,0,0,0,0,1,0,0,0,0,1,0,0,0,0,0,0,0,0,0,0,0,1,0,0,0,0,0,0,0,0,0,1,0,0,0,0,0,0,0,0.0
12432,20110607,GM.PB,,100000000.0,370918.0,,46.73,47.31,46.48,46.88,1.0242994,B,DE,33611,976.0,D,1,0,0,0,0,1,0,0,0,0,0,0,1,0,0,0,0,0,0,0,1,0,0,0,0,1,0,0,0,0,0,0,0,0,0,0,0,1,0,0,0,0,0,0,0,0,0,1,0,0,0,0,0,0,0,1.0
12433,20110608,GM.PB,,100000000.0,525446.0,,46.71,47.3898,46.42,46.7,1.0242994,B,DE,33611,976.0,D,1,0,0,0,0,1,0,0,0,0,0,0,1,0,0,0,0,0,0,0,1,0,0,0,0,1,0,0,0,0,0,0,0,0,0,0,0,1,0,0,0,0,0,0,0,0,0,1,0,0,0,0,0,0,0,0.0
12434,20110609,GM.PB,,100000000.0,82502.0,,47.4,47.51,46.9,47.2,1.0242994,B,DE,33611,976.0,D,1,0,0,0,0,1,0,0,0,0,0,0,1,0,0,0,0,0,0,0,1,0,0,0,0,1,0,0,0,0,0,0,0,0,0,0,0,1,0,0,0,0,0,0,0,0,0,1,0,0,0,0,0,0,0,1.0
12435,20110610,GM.PB,,100000000.0,373692.0,,46.69,47.28,46.36,47.28,1.0242994,B,DE,33611,976.0,D,1,0,0,0,0,1,0,0,0,0,0,0,1,0,0,0,0,0,0,0,1,0,0,0,0,1,0,0,0,0,0,0,0,0,0,0,0,1,0,0,0,0,0,0,0,0,0,1,0,0,0,0,0,0,0,0.0
12436,20110613,GM.PB,,100000000.0,160982.0,,46.35,47.15,46.13,47.15,1.0242994,B,DE,33611,976.0,D,1,0,0,0,0,1,0,0,0,0,0,0,1,0,0,0,0,0,0,0,1,0,0,0,0,1,0,0,0,0,0,0,0,0,0,0,0,1,0,0,0,0,0,0,0,0,0,1,0,0,0,0,0,0,0,0.0
12437,20110614,GM.PB,,100000000.0,570685.0,,46.95,47.42,46.91,47.0,1.0242994,B,DE,33611,976.0,D,1,0,0,0,0,1,0,0,0,0,0,0,1,0,0,0,0,0,0,0,1,0,0,0,0,1,0,0,0,0,0,0,0,0,0,0,0,1,0,0,0,0,0,0,0,0,0,1,0,0,0,0,0,0,0,1.0
12438,20110615,GM.PB,,100000000.0,164034.0,,46.81,46.98,46.447,46.65,1.0242994,B,DE,33611,976.0,D,1,0,0,0,0,1,0,0,0,0,0,0,1,0,0,0,0,0,0,0,1,0,0,0,0,1,0,0,0,0,0,0,0,0,0,0,0,1,0,0,0,0,0,0,0,0,0,1,0,0,0,0,0,0,0,0.0
12439,20110616,GM.PB,,100000000.0,96116.0,,46.25,46.79,45.9644,46.5,1.0242994,B,DE,33611,976.0,D,1,0,0,0,0,1,0,0,0,0,0,0,1,0,0,0,0,0,0,0,1,0,0,0,0,1,0,0,0,0,0,0,0,0,0,0,0,1,0,0,0,0,0,0,0,0,0,1,0,0,0,0,0,0,0,0.0
12440,20110617,GM.PB,,100000000.0,211057.0,,46.92,46.92,46.4,46.52,1.0242994,B,DE,33611,976.0,D,1,0,0,0,0,1,0,0,0,0,0,0,1,0,0,0,0,0,0,0,1,0,0,0,0,1,0,0,0,0,0,0,0,0,0,0,0,1,0,0,0,0,0,0,0,0,0,1,0,0,0,0,0,0,0,1.0
12441,20110620,GM.PB,,100000000.0,450797.0,,47.38,47.5,46.47,46.47,1.0242994,B,DE,33611,976.0,D,1,0,0,0,0,1,0,0,0,0,0,0,1,0,0,0,0,0,0,0,1,0,0,0,0,1,0,0,0,0,0,0,0,0,0,0,0,1,0,0,0,0,0,0,0,0,0,1,0,0,0,0,0,0,0,1.0
12442,20110621,GM.PB,,100000000.0,232091.0,,47.3,47.922,47.3,47.33,1.0242994,B,DE,33611,976.0,D,1,0,0,0,0,1,0,0,0,0,0,0,1,0,0,0,0,0,0,0,1,0,0,0,0,1,0,0,0,0,0,0,0,0,0,0,0,1,0,0,0,0,0,0,0,0,0,1,0,0,0,0,0,0,0,0.0
12443,20110622,GM.PB,,100000000.0,180027.0,,47.85,48.1,47.35,47.36,1.0242994,B,DE,33611,976.0,D,1,0,0,0,0,1,0,0,0,0,0,0,1,0,0,0,0,0,0,0,1,0,0,0,0,1,0,0,0,0,0,0,0,0,0,0,0,1,0,0,0,0,0,0,0,0,0,1,0,0,0,0,0,0,0,1.0
12444,20110623,GM.PB,,100000000.0,559197.0,,48.17,48.17,47.17,47.17,1.0242994,B,DE,33611,976.0,D,1,0,0,0,0,1,0,0,0,0,0,0,1,0,0,0,0,0,0,0,1,0,0,0,0,1,0,0,0,0,0,0,0,0,0,0,0,1,0,0,0,0,0,0,0,0,0,1,0,0,0,0,0,0,0,1.0
12445,20110624,GM.PB,,100000000.0,160852.0,,47.64,48.34,47.5,48.02,1.0242994,B,DE,33611,976.0,D,1,0,0,0,0,1,0,0,0,0,0,0,1,0,0,0,0,0,0,0,1,0,0,0,0,1,0,0,0,0,0,0,0,0,0,0,0,1,0,0,0,0,0,0,0,0,0,1,0,0,0,0,0,0,0,0.0
12446,20110627,GM.PB,,100000000.0,209632.0,,48.29,48.48,47.44,47.67,1.0242994,B,DE,33611,976.0,D,1,0,0,0,0,1,0,0,0,0,0,0,1,0,0,0,0,0,0,0,1,0,0,0,0,1,0,0,0,0,0,0,0,0,0,0,0,1,0,0,0,0,0,0,0,0,0,1,0,0,0,0,0,0,0,1.0
12447,20110628,GM.PB,,100000000.0,292100.0,,48.9,48.99,48.15,48.15,1.0242994,B,DE,33611,976.0,D,1,0,0,0,0,1,0,0,0,0,0,0,1,0,0,0,0,0,0,0,1,0,0,0,0,1,0,0,0,0,0,0,0,0,0,0,0,1,0,0,0,0,0,0,0,0,0,1,0,0,0,0,0,0,0,1.0
12448,20110629,GM.PB,,100000000.0,41730.0,,48.64,49.14,48.49,49.14,1.0242994,B,DE,33611,976.0,D,1,0,0,0,0,1,0,0,0,0,0,0,1,0,0,0,0,0,0,0,1,0,0,0,0,1,0,0,0,0,0,0,0,0,0,0,0,1,0,0,0,0,0,0,0,0,0,1,0,0,0,0,0,0,0,0.0
12449,20110630,GM.PB,,100000000.0,686158.0,,48.74,48.84,48.48,48.49,1.0242994,B,DE,33611,976.0,D,1,0,0,0,0,1,0,0,0,0,0,0,1,0,0,0,0,0,0,0,1,0,0,0,0,1,0,0,0,0,0,0,0,0,0,0,0,1,0,0,0,0,0,0,0,0,0,1,0,0,0,0,0,0,0,1.0
12450,20110701,GM.PB,,100000000.0,522086.0,,48.91,49.21,48.34,48.66,1.0242994,B,DE,33611,976.0,D,1,0,0,0,0,1,0,0,0,0,0,0,1,0,0,0,0,0,0,0,1,0,0,0,0,1,0,0,0,0,0,0,0,0,0,0,0,1,0,0,0,0,0,0,0,0,0,1,0,0,0,0,0,0,0,1.0
12451,20110705,GM.PB,,100000000.0,165273.0,,49.37,49.75,48.91,48.92,1.0242994,B,DE,33611,976.0,D,1,0,0,0,0,1,0,0,0,0,0,0,1,0,0,0,0,0,0,0,1,0,0,0,0,1,0,0,0,0,0,0,0,0,0,0,0,1,0,0,0,0,0,0,0,0,0,1,0,0,0,0,0,0,0,1.0
12452,20110706,GM.PB,,100000000.0,156905.0,,49.75,50.2,49.52,49.52,1.0242994,B,DE,33611,976.0,D,1,0,0,0,0,1,0,0,0,0,0,0,1,0,0,0,0,0,0,0,1,0,0,0,0,1,0,0,0,0,0,0,0,0,0,0,0,1,0,0,0,0,0,0,0,0,0,1,0,0,0,0,0,0,0,1.0
12453,20110707,GM.PB,,100000000.0,190398.0,,50.59,50.85,50.02,50.02,1.0242994,B,DE,33611,976.0,D,1,0,0,0,0,1,0,0,0,0,0,0,1,0,0,0,0,0,0,0,1,0,0,0,0,1,0,0,0,0,0,0,0,0,0,0,0,1,0,0,0,0,0,0,0,0,0,1,0,0,0,0,0,0,0,1.0
12454,20110708,GM.PB,,100000000.0,203083.0,,50.47,50.493,49.85,50.25,1.0242994,B,DE,33611,976.0,D,1,0,0,0,0,1,0,0,0,0,0,0,1,0,0,0,0,0,0,0,1,0,0,0,0,1,0,0,0,0,0,0,0,0,0,0,0,1,0,0,0,0,0,0,0,0,0,1,0,0,0,0,0,0,0,0.0
12455,20110711,GM.PB,,100000000.0,160735.0,,49.49,49.9,49.29,49.75,1.0242994,B,DE,33611,976.0,D,1,0,0,0,0,1,0,0,0,0,0,0,1,0,0,0,0,0,0,0,1,0,0,0,0,1,0,0,0,0,0,0,0,0,0,0,0,1,0,0,0,0,0,0,0,0,0,1,0,0,0,0,0,0,0,0.0
12456,20110712,GM.PB,,100000000.0,263142.0,,49.38,49.65,48.72,49.0,1.0242994,B,DE,33611,976.0,D,1,0,0,0,0,1,0,0,0,0,0,0,1,0,0,0,0,0,0,0,1,0,0,0,0,1,0,0,0,0,0,0,0,0,0,0,0,1,0,0,0,0,0,0,0,0,0,1,0,0,0,0,0,0,0,0.0
12457,20110713,GM.PB,,100000000.0,181304.0,,49.2,49.96,49.2,49.68,1.0242994,B,DE,33611,976.0,D,1,0,0,0,0,1,0,0,0,0,0,0,1,0,0,0,0,0,0,0,1,0,0,0,0,1,0,0,0,0,0,0,0,0,0,0,0,1,0,0,0,0,0,0,0,0,0,1,0,0,0,0,0,0,0,0.0
12458,20110714,GM.PB,,100000000.0,178589.0,,48.6527,49.559,48.5,49.49,1.0242994,B,DE,33611,976.0,D,1,0,0,0,0,1,0,0,0,0,0,0,1,0,0,0,0,0,0,0,1,0,0,0,0,1,0,0,0,0,0,0,0,0,0,0,0,1,0,0,0,0,0,0,0,0,0,1,0,0,0,0,0,0,0,0.0
12459,20110715,GM.PB,,100000000.0,158003.0,,48.26,48.9,47.91,48.9,1.0242994,B,DE,33611,976.0,D,1,0,0,0,0,1,0,0,0,0,0,0,1,0,0,0,0,0,0,0,1,0,0,0,0,1,0,0,0,0,0,0,0,0,0,0,0,1,0,0,0,0,0,0,0,0,0,1,0,0,0,0,0,0,0,0.0
12460,20110718,GM.PB,,100000000.0,85785.0,,47.47,48.16,47.0,48.16,1.0242994,B,DE,33611,976.0,D,1,0,0,0,0,1,0,0,0,0,0,0,1,0,0,0,0,0,0,0,1,0,0,0,0,1,0,0,0,0,0,0,0,0,0,0,0,1,0,0,0,0,0,0,0,0,0,1,0,0,0,0,0,0,0,0.0
12461,20110719,GM.PB,,100000000.0,493134.0,,47.79,47.87,46.94,46.94,1.0242994,B,DE,33611,976.0,D,1,0,0,0,0,1,0,0,0,0,0,0,1,0,0,0,0,0,0,0,1,0,0,0,0,1,0,0,0,0,0,0,0,0,0,0,0,1,0,0,0,0,0,0,0,0,0,1,0,0,0,0,0,0,0,1.0
12462,20110720,GM.PB,,100000000.0,72353.0,,47.58,47.93,47.5,47.93,1.0242994,B,DE,33611,976.0,D,1,0,0,0,0,1,0,0,0,0,0,0,1,0,0,0,0,0,0,0,1,0,0,0,0,1,0,0,0,0,0,0,0,0,0,0,0,1,0,0,0,0,0,0,0,0,0,1,0,0,0,0,0,0,0,0.0
12463,20110721,GM.PB,,100000000.0,546662.0,,48.53,48.54,47.57,47.88,1.0242994,B,DE,33611,976.0,D,1,0,0,0,0,1,0,0,0,0,0,0,1,0,0,0,0,0,0,0,1,0,0,0,0,1,0,0,0,0,0,0,0,0,0,0,0,1,0,0,0,0,0,0,0,0,0,1,0,0,0,0,0,0,0,1.0
12464,20110722,GM.PB,,100000000.0,68580.0,,48.78,48.91,48.21,48.21,1.0242994,B,DE,33611,976.0,D,1,0,0,0,0,1,0,0,0,0,0,0,1,0,0,0,0,0,0,0,1,0,0,0,0,1,0,0,0,0,0,0,0,0,0,0,0,1,0,0,0,0,0,0,0,0,0,1,0,0,0,0,0,0,0,1.0
12465,20110725,GM.PB,,100000000.0,41515.0,,47.94,48.28,47.88,48.01,1.0242994,B,DE,33611,976.0,D,1,0,0,0,0,1,0,0,0,0,0,0,1,0,0,0,0,0,0,0,1,0,0,0,0,1,0,0,0,0,0,0,0,0,0,0,0,1,0,0,0,0,0,0,0,0,0,1,0,0,0,0,0,0,0,0.0
12466,20110726,GM.PB,,100000000.0,429881.0,,47.72,48.19,47.47,48.07,1.0242994,B,DE,33611,976.0,D,1,0,0,0,0,1,0,0,0,0,0,0,1,0,0,0,0,0,0,0,1,0,0,0,0,1,0,0,0,0,0,0,0,0,0,0,0,1,0,0,0,0,0,0,0,0,0,1,0,0,0,0,0,0,0,0.0
12467,20110727,GM.PB,,100000000.0,589455.0,,46.59,47.71,46.55,47.71,1.0242994,B,DE,33611,976.0,D,1,0,0,0,0,1,0,0,0,0,0,0,1,0,0,0,0,0,0,0,1,0,0,0,0,1,0,0,0,0,0,0,0,0,0,0,0,1,0,0,0,0,0,0,0,0,0,1,0,0,0,0,0,0,0,0.0
12468,20110728,GM.PB,,100000000.0,114213.0,,46.49,47.59,46.49,46.64,1.0242994,B,DE,33611,976.0,D,1,0,0,0,0,1,0,0,0,0,0,0,1,0,0,0,0,0,0,0,1,0,0,0,0,1,0,0,0,0,0,0,0,0,0,0,0,1,0,0,0,0,0,0,0,0,0,1,0,0,0,0,0,0,0,0.0
12469,20110729,GM.PB,,100000000.0,113892.0,,46.21,46.7,45.65,46.1,1.0242994,B,DE,33611,976.0,D,1,0,0,0,0,1,0,0,0,0,0,0,1,0,0,0,0,0,0,0,1,0,0,0,0,1,0,0,0,0,0,0,0,0,0,0,0,1,0,0,0,0,0,0,0,0,0,1,0,0,0,0,0,0,0,0.0
12470,20110801,GM.PB,,100000000.0,219789.0,,47.06,47.1,46.38,47.08,1.0242994,B,DE,33611,976.0,D,1,0,0,0,0,1,0,0,0,0,0,0,1,0,0,0,0,0,0,0,1,0,0,0,0,1,0,0,0,0,0,0,0,0,0,0,0,1,0,0,0,0,0,0,0,0,0,1,0,0,0,0,0,0,0,1.0
12471,20110802,GM.PB,,100000000.0,836417.0,,45.76,48.86,45.7,46.8,1.0242994,B,DE,33611,976.0,D,1,0,0,0,0,1,0,0,0,0,0,0,1,0,0,0,0,0,0,0,1,0,0,0,0,1,0,0,0,0,0,0,0,0,0,0,0,1,0,0,0,0,0,0,0,0,0,1,0,0,0,0,0,0,0,0.0
12472,20110803,GM.PB,,100000000.0,654099.0,,45.56,45.74,44.641,45.26,1.0242994,B,DE,33611,976.0,D,1,0,0,0,0,1,0,0,0,0,0,0,1,0,0,0,0,0,0,0,1,0,0,0,0,1,0,0,0,0,0,0,0,0,0,0,0,1,0,0,0,0,0,0,0,0,0,1,0,0,0,0,0,0,0,0.0
12473,20110804,GM.PB,,100000000.0,450808.0,,44.27,45.99,43.89,45.958,1.0242994,B,DE,33611,976.0,D,1,0,0,0,0,1,0,0,0,0,0,0,1,0,0,0,0,0,0,0,1,0,0,0,0,1,0,0,0,0,0,0,0,0,0,0,0,1,0,0,0,0,0,0,0,0,0,1,0,0,0,0,0,0,0,0.0
12474,20110805,GM.PB,,100000000.0,785388.0,,44.55,44.96,42.3343,44.96,1.0242994,B,DE,33611,976.0,D,1,0,0,0,0,1,0,0,0,0,0,0,1,0,0,0,0,0,0,0,1,0,0,0,0,1,0,0,0,0,0,0,0,0,0,0,0,1,0,0,0,0,0,0,0,0,0,1,0,0,0,0,0,0,0,1.0
12475,20110808,GM.PB,,100000000.0,838152.0,,41.18,43.2,40.61,42.6,1.0242994,B,DE,33611,976.0,D,1,0,0,0,0,1,0,0,0,0,0,0,1,0,0,0,0,0,0,0,1,0,0,0,0,1,0,0,0,0,0,0,0,0,0,0,0,1,0,0,0,0,0,0,0,0,0,1,0,0,0,0,0,0,0,0.0
12476,20110809,GM.PB,,100000000.0,1005268.0,,42.44,42.47,40.3,41.5,1.0242994,B,DE,33611,976.0,D,1,0,0,0,0,1,0,0,0,0,0,0,1,0,0,0,0,0,0,0,1,0,0,0,0,1,0,0,0,0,0,0,0,0,0,0,0,1,0,0,0,0,0,0,0,0,0,1,0,0,0,0,0,0,0,1.0
12477,20110810,GM.PB,,100000000.0,436567.0,,40.2,41.66,40.2,41.66,1.0242994,B,DE,33611,976.0,D,1,0,0,0,0,1,0,0,0,0,0,0,1,0,0,0,0,0,0,0,1,0,0,0,0,1,0,0,0,0,0,0,0,0,0,0,0,1,0,0,0,0,0,0,0,0,0,1,0,0,0,0,0,0,0,0.0
12478,20110811,GM.PB,,100000000.0,311382.0,,41.74,42.33,39.77,40.0,1.03887125,B,DE,33611,976.0,D,1,0,0,0,0,1,0,0,0,0,0,0,1,0,0,0,0,0,0,0,1,0,0,0,0,1,0,0,0,0,0,0,0,0,0,0,0,1,0,0,0,0,0,0,0,0,0,1,0,0,0,0,0,0,0,1.0
12479,20110812,GM.PB,,100000000.0,151112.0,,41.85,42.49,41.37,42.3,1.03887125,B,DE,33611,976.0,D,1,0,0,0,0,1,0,0,0,0,0,0,1,0,0,0,0,0,0,0,1,0,0,0,0,1,0,0,0,0,0,0,0,0,0,0,0,1,0,0,0,0,0,0,0,0,0,1,0,0,0,0,0,0,0,1.0
12480,20110815,GM.PB,,100000000.0,756070.0,,42.61,42.63,41.96,41.96,1.03887125,B,DE,33611,976.0,D,1,0,0,0,0,1,0,0,0,0,0,0,1,0,0,0,0,0,0,0,1,0,0,0,0,1,0,0,0,0,0,0,0,0,0,0,0,1,0,0,0,0,0,0,0,0,0,1,0,0,0,0,0,0,0,1.0
12481,20110816,GM.PB,,100000000.0,497573.0,,41.88,42.84,41.73,42.25,1.03887125,B,DE,33611,976.0,D,1,0,0,0,0,1,0,0,0,0,0,0,1,0,0,0,0,0,0,0,1,0,0,0,0,1,0,0,0,0,0,0,0,0,0,0,0,1,0,0,0,0,0,0,0,0,0,1,0,0,0,0,0,0,0,0.0
12482,20110817,GM.PB,,100000000.0,197430.0,,40.7,42.12,40.5601,41.94,1.03887125,B,DE,33611,976.0,D,1,0,0,0,0,1,0,0,0,0,0,0,1,0,0,0,0,0,0,0,1,0,0,0,0,1,0,0,0,0,0,0,0,0,0,0,0,1,0,0,0,0,0,0,0,0,0,1,0,0,0,0,0,0,0,0.0
12483,20110818,GM.PB,,100000000.0,415741.0,,38.97,40.0,38.73,40.0,1.03887125,B,DE,33611,976.0,D,1,0,0,0,0,1,0,0,0,0,0,0,1,0,0,0,0,0,0,0,1,0,0,0,0,1,0,0,0,0,0,0,0,0,0,0,0,1,0,0,0,0,0,0,0,0,0,1,0,0,0,0,0,0,0,0.0
12484,20110819,GM.PB,,100000000.0,597414.0,,37.37,38.98,37.29,38.77,1.03887125,B,DE,33611,976.0,D,1,0,0,0,0,1,0,0,0,0,0,0,1,0,0,0,0,0,0,0,1,0,0,0,0,1,0,0,0,0,0,0,0,0,0,0,0,1,0,0,0,0,0,0,0,0,0,1,0,0,0,0,0,0,0,0.0
12485,20110822,GM.PB,,100000000.0,225718.0,,36.9,38.5,36.54,38.5,1.03887125,B,DE,33611,976.0,D,1,0,0,0,0,1,0,0,0,0,0,0,1,0,0,0,0,0,0,0,1,0,0,0,0,1,0,0,0,0,0,0,0,0,0,0,0,1,0,0,0,0,0,0,0,0,0,1,0,0,0,0,0,0,0,0.0
12486,20110823,GM.PB,,100000000.0,566723.0,,37.21,37.38,36.33,36.97,1.03887125,B,DE,33611,976.0,D,1,0,0,0,0,1,0,0,0,0,0,0,1,0,0,0,0,0,0,0,1,0,0,0,0,1,0,0,0,0,0,0,0,0,0,0,0,1,0,0,0,0,0,0,0,0,0,1,0,0,0,0,0,0,0,1.0
12487,20110824,GM.PB,,100000000.0,783758.0,,37.92,38.06,36.9,37.33,1.03887125,B,DE,33611,976.0,D,1,0,0,0,0,1,0,0,0,0,0,0,1,0,0,0,0,0,0,0,1,0,0,0,0,1,0,0,0,0,0,0,0,0,0,0,0,1,0,0,0,0,0,0,0,0,0,1,0,0,0,0,0,0,0,1.0
12488,20110825,GM.PB,,100000000.0,121613.0,,38.01,38.49,37.7,38.17,1.03887125,B,DE,33611,976.0,D,1,0,0,0,0,1,0,0,0,0,0,0,1,0,0,0,0,0,0,0,1,0,0,0,0,1,0,0,0,0,0,0,0,0,0,0,0,1,0,0,0,0,0,0,0,0,0,1,0,0,0,0,0,0,0,1.0
12489,20110826,GM.PB,,100000000.0,264364.0,,38.62,38.85,37.45,37.52,1.03887125,B,DE,33611,976.0,D,1,0,0,0,0,1,0,0,0,0,0,0,1,0,0,0,0,0,0,0,1,0,0,0,0,1,0,0,0,0,0,0,0,0,0,0,0,1,0,0,0,0,0,0,0,0,0,1,0,0,0,0,0,0,0,1.0
12490,20110829,GM.PB,,100000000.0,750699.0,,39.66,40.0,38.99,39.03,1.03887125,B,DE,33611,976.0,D,1,0,0,0,0,1,0,0,0,0,0,0,1,0,0,0,0,0,0,0,1,0,0,0,0,1,0,0,0,0,0,0,0,0,0,0,0,1,0,0,0,0,0,0,0,0,0,1,0,0,0,0,0,0,0,1.0
12491,20110830,GM.PB,,100000000.0,620380.0,,39.42,39.6725,38.9,39.56,1.03887125,B,DE,33611,976.0,D,1,0,0,0,0,1,0,0,0,0,0,0,1,0,0,0,0,0,0,0,1,0,0,0,0,1,0,0,0,0,0,0,0,0,0,0,0,1,0,0,0,0,0,0,0,0,0,1,0,0,0,0,0,0,0,0.0
12492,20110831,GM.PB,,100000000.0,238429.0,,39.87,40.6,39.75,39.83,1.03887125,B,DE,33611,976.0,D,1,0,0,0,0,1,0,0,0,0,0,0,1,0,0,0,0,0,0,0,1,0,0,0,0,1,0,0,0,0,0,0,0,0,0,0,0,1,0,0,0,0,0,0,0,0,0,1,0,0,0,0,0,0,0,1.0
12493,20110901,GM.PB,,100000000.0,224421.0,,39.05,40.36,38.86,40.36,1.03887125,B,DE,33611,976.0,D,1,0,0,0,0,1,0,0,0,0,0,0,1,0,0,0,0,0,0,0,1,0,0,0,0,1,0,0,0,0,0,0,0,0,0,0,0,1,0,0,0,0,0,0,0,0,0,1,0,0,0,0,0,0,0,0.0
12494,20110902,GM.PB,,100000000.0,278810.0,,37.8,38.3,37.49,38.07,1.03887125,B,DE,33611,976.0,D,1,0,0,0,0,1,0,0,0,0,0,0,1,0,0,0,0,0,0,0,1,0,0,0,0,1,0,0,0,0,0,0,0,0,0,0,0,1,0,0,0,0,0,0,0,0,0,1,0,0,0,0,0,0,0,0.0
12495,20110906,GM.PB,,100000000.0,293079.0,,36.67,37.24,36.4,37.0,1.03887125,B,DE,33611,976.0,D,1,0,0,0,0,1,0,0,0,0,0,0,1,0,0,0,0,0,0,0,1,0,0,0,0,1,0,0,0,0,0,0,0,0,0,0,0,1,0,0,0,0,0,0,0,0,0,1,0,0,0,0,0,0,0,0.0
12496,20110907,GM.PB,,100000000.0,387027.0,,38.42,38.65,37.35,37.35,1.03887125,B,DE,33611,976.0,D,1,0,0,0,0,1,0,0,0,0,0,0,1,0,0,0,0,0,0,0,1,0,0,0,0,1,0,0,0,0,0,0,0,0,0,0,0,1,0,0,0,0,0,0,0,0,0,1,0,0,0,0,0,0,0,1.0
12497,20110908,GM.PB,,100000000.0,536474.0,,38.33,38.7603,37.67,38.41,1.03887125,B,DE,33611,976.0,D,1,0,0,0,0,1,0,0,0,0,0,0,1,0,0,0,0,0,0,0,1,0,0,0,0,1,0,0,0,0,0,0,0,0,0,0,0,1,0,0,0,0,0,0,0,0,0,1,0,0,0,0,0,0,0,0.0
12498,20110909,GM.PB,,100000000.0,409686.0,,37.25,37.93,36.764,37.87,1.03887125,B,DE,33611,976.0,D,1,0,0,0,0,1,0,0,0,0,0,0,1,0,0,0,0,0,0,0,1,0,0,0,0,1,0,0,0,0,0,0,0,0,0,0,0,1,0,0,0,0,0,0,0,0,0,1,0,0,0,0,0,0,0,0.0
12499,20110912,GM.PB,,100000000.0,610842.0,,36.84,37.22,36.1,36.45,1.03887125,B,DE,33611,976.0,D,1,0,0,0,0,1,0,0,0,0,0,0,1,0,0,0,0,0,0,0,1,0,0,0,0,1,0,0,0,0,0,0,0,0,0,0,0,1,0,0,0,0,0,0,0,0,0,1,0,0,0,0,0,0,0,0.0
12500,20110913,GM.PB,,100000000.0,540683.0,,37.16,37.61,36.53,37.29,1.03887125,B,DE,33611,976.0,D,1,0,0,0,0,1,0,0,0,0,0,0,1,0,0,0,0,0,0,0,1,0,0,0,0,1,0,0,0,0,0,0,0,0,0,0,0,1,0,0,0,0,0,0,0,0,0,1,0,0,0,0,0,0,0,1.0
12501,20110914,GM.PB,,100000000.0,157251.0,,37.49,37.82,36.73,37.59,1.03887125,B,DE,33611,976.0,D,1,0,0,0,0,1,0,0,0,0,0,0,1,0,0,0,0,0,0,0,1,0,0,0,0,1,0,0,0,0,0,0,0,0,0,0,0,1,0,0,0,0,0,0,0,0,0,1,0,0,0,0,0,0,0,1.0
12502,20110915,GM.PB,,100000000.0,312868.0,,38.1091,38.29,37.4075,37.9,1.03887125,B,DE,33611,976.0,D,1,0,0,0,0,1,0,0,0,0,0,0,1,0,0,0,0,0,0,0,1,0,0,0,0,1,0,0,0,0,0,0,0,0,0,0,0,1,0,0,0,0,0,0,0,0,0,1,0,0,0,0,0,0,0,1.0
12503,20110916,GM.PB,,100000000.0,1232680.0,,37.95,38.25,37.783,38.25,1.03887125,B,DE,33611,976.0,D,1,0,0,0,0,1,0,0,0,0,0,0,1,0,0,0,0,0,0,0,1,0,0,0,0,1,0,0,0,0,0,0,0,0,0,0,0,1,0,0,0,0,0,0,0,0,0,1,0,0,0,0,0,0,0,0.0
12504,20110919,GM.PB,,100000000.0,613565.0,,38.564,38.65,37.45,37.46,1.03887125,B,DE,33611,976.0,D,1,0,0,0,0,1,0,0,0,0,0,0,1,0,0,0,0,0,0,0,1,0,0,0,0,1,0,0,0,0,0,0,0,0,0,0,0,1,0,0,0,0,0,0,0,0,0,1,0,0,0,0,0,0,0,1.0
12505,20110920,GM.PB,,100000000.0,454525.0,,37.9,38.44,37.9,38.31,1.03887125,B,DE,33611,976.0,D,1,0,0,0,0,1,0,0,0,0,0,0,1,0,0,0,0,0,0,0,1,0,0,0,0,1,0,0,0,0,0,0,0,0,0,0,0,1,0,0,0,0,0,0,0,0,0,1,0,0,0,0,0,0,0,0.0
12506,20110921,GM.PB,,100000000.0,85966.0,,36.48,38.2,36.48,37.89,1.03887125,B,DE,33611,976.0,D,1,0,0,0,0,1,0,0,0,0,0,0,1,0,0,0,0,0,0,0,1,0,0,0,0,1,0,0,0,0,0,0,0,0,0,0,0,1,0,0,0,0,0,0,0,0,0,1,0,0,0,0,0,0,0,0.0
12507,20110922,GM.PB,,100000000.0,255630.0,,34.67,35.9088,34.6,35.42,1.03887125,B,DE,33611,976.0,D,1,0,0,0,0,1,0,0,0,0,0,0,1,0,0,0,0,0,0,0,1,0,0,0,0,1,0,0,0,0,0,0,0,0,0,0,0,1,0,0,0,0,0,0,0,0,0,1,0,0,0,0,0,0,0,0.0
12508,20110923,GM.PB,,100000000.0,160883.0,,35.54,36.1,34.36,34.37,1.03887125,B,DE,33611,976.0,D,1,0,0,0,0,1,0,0,0,0,0,0,1,0,0,0,0,0,0,0,1,0,0,0,0,1,0,0,0,0,0,0,0,0,0,0,0,1,0,0,0,0,0,0,0,0,0,1,0,0,0,0,0,0,0,1.0
12509,20110926,GM.PB,,100000000.0,232240.0,,35.76,35.978,35.175,35.71,1.03887125,B,DE,33611,976.0,D,1,0,0,0,0,1,0,0,0,0,0,0,1,0,0,0,0,0,0,0,1,0,0,0,0,1,0,0,0,0,0,0,0,0,0,0,0,1,0,0,0,0,0,0,0,0,0,1,0,0,0,0,0,0,0,1.0
12510,20110927,GM.PB,,100000000.0,373033.0,,36.02,36.69,35.72,36.18,1.03887125,B,DE,33611,976.0,D,1,0,0,0,0,1,0,0,0,0,0,0,1,0,0,0,0,0,0,0,1,0,0,0,0,1,0,0,0,0,0,0,0,0,0,0,0,1,0,0,0,0,0,0,0,0,0,1,0,0,0,0,0,0,0,1.0
12511,20110928,GM.PB,,100000000.0,93874.0,,35.14,36.25,35.05,35.98,1.03887125,B,DE,33611,976.0,D,1,0,0,0,0,1,0,0,0,0,0,0,1,0,0,0,0,0,0,0,1,0,0,0,0,1,0,0,0,0,0,0,0,0,0,0,0,1,0,0,0,0,0,0,0,0,0,1,0,0,0,0,0,0,0,0.0
12512,20110929,GM.PB,,100000000.0,499011.0,,35.76,35.8,34.8,35.6,1.03887125,B,DE,33611,976.0,D,1,0,0,0,0,1,0,0,0,0,0,0,1,0,0,0,0,0,0,0,1,0,0,0,0,1,0,0,0,0,0,0,0,0,0,0,0,1,0,0,0,0,0,0,0,0,0,1,0,0,0,0,0,0,0,1.0
12513,20110930,GM.PB,,100000000.0,817957.0,,35.08,35.4,34.91,35.29,1.03887125,B,DE,33611,976.0,D,1,0,0,0,0,1,0,0,0,0,0,0,1,0,0,0,0,0,0,0,1,0,0,0,0,1,0,0,0,0,0,0,0,0,0,0,0,1,0,0,0,0,0,0,0,0,0,1,0,0,0,0,0,0,0,0.0
12514,20111003,GM.PB,,100000000.0,85650.0,,34.42,35.898,34.28,35.0,1.03887125,B,DE,33611,976.0,D,1,0,0,0,0,1,0,0,0,0,0,0,1,0,0,0,0,0,0,0,1,0,0,0,0,1,0,0,0,0,0,0,0,0,0,0,0,1,0,0,0,0,0,0,0,0,0,1,0,0,0,0,0,0,0,0.0
12515,20111004,GM.PB,,100000000.0,425802.0,,36.09,36.16,33.34,33.91,1.03887125,B,DE,33611,976.0,D,1,0,0,0,0,1,0,0,0,0,0,0,1,0,0,0,0,0,0,0,1,0,0,0,0,1,0,0,0,0,0,0,0,0,0,0,0,1,0,0,0,0,0,0,0,0,0,1,0,0,0,0,0,0,0,1.0
12516,20111005,GM.PB,,100000000.0,234502.0,,37.2,37.37,35.49,36.35,1.03887125,B,DE,33611,976.0,D,1,0,0,0,0,1,0,0,0,0,0,0,1,0,0,0,0,0,0,0,1,0,0,0,0,1,0,0,0,0,0,0,0,0,0,0,0,1,0,0,0,0,0,0,0,0,0,1,0,0,0,0,0,0,0,1.0
12517,20111006,GM.PB,,100000000.0,141759.0,,37.37,37.7,36.66,37.44,1.03887125,B,DE,33611,976.0,D,1,0,0,0,0,1,0,0,0,0,0,0,1,0,0,0,0,0,0,0,1,0,0,0,0,1,0,0,0,0,0,0,0,0,0,0,0,1,0,0,0,0,0,0,0,0,0,1,0,0,0,0,0,0,0,1.0
12518,20111007,GM.PB,,100000000.0,99328.0,,37.28,38.18,37.0,37.84,1.03887125,B,DE,33611,976.0,D,1,0,0,0,0,1,0,0,0,0,0,0,1,0,0,0,0,0,0,0,1,0,0,0,0,1,0,0,0,0,0,0,0,0,0,0,0,1,0,0,0,0,0,0,0,0,0,1,0,0,0,0,0,0,0,0.0
12519,20111010,GM.PB,,100000000.0,154106.0,,37.92,38.42,37.69,38.09,1.03887125,B,DE,33611,976.0,D,1,0,0,0,0,1,0,0,0,0,0,0,1,0,0,0,0,0,0,0,1,0,0,0,0,1,0,0,0,0,0,0,0,0,0,0,0,1,0,0,0,0,0,0,0,0,0,1,0,0,0,0,0,0,0,1.0
12520,20111011,GM.PB,,100000000.0,252124.0,,37.9,38.05,37.56,38.03,1.03887125,B,DE,33611,976.0,D,1,0,0,0,0,1,0,0,0,0,0,0,1,0,0,0,0,0,0,0,1,0,0,0,0,1,0,0,0,0,0,0,0,0,0,0,0,1,0,0,0,0,0,0,0,0,0,1,0,0,0,0,0,0,0,0.0
12521,20111012,GM.PB,,100000000.0,216312.0,,39.03,39.62,38.36,38.36,1.03887125,B,DE,33611,976.0,D,1,0,0,0,0,1,0,0,0,0,0,0,1,0,0,0,0,0,0,0,1,0,0,0,0,1,0,0,0,0,0,0,0,0,0,0,0,1,0,0,0,0,0,0,0,0,0,1,0,0,0,0,0,0,0,1.0
12522,20111013,GM.PB,,100000000.0,804350.0,,38.709,39.1,38.0055,38.8,1.03887125,B,DE,33611,976.0,D,1,0,0,0,0,1,0,0,0,0,0,0,1,0,0,0,0,0,0,0,1,0,0,0,0,1,0,0,0,0,0,0,0,0,0,0,0,1,0,0,0,0,0,0,0,0,0,1,0,0,0,0,0,0,0,0.0
12523,20111014,GM.PB,,100000000.0,128359.0,,39.9,39.93,39.06,39.18,1.03887125,B,DE,33611,976.0,D,1,0,0,0,0,1,0,0,0,0,0,0,1,0,0,0,0,0,0,0,1,0,0,0,0,1,0,0,0,0,0,0,0,0,0,0,0,1,0,0,0,0,0,0,0,0,0,1,0,0,0,0,0,0,0,1.0
12524,20111017,GM.PB,,100000000.0,405108.0,,38.65,40.07,38.58,40.07,1.03887125,B,DE,33611,976.0,D,1,0,0,0,0,1,0,0,0,0,0,0,1,0,0,0,0,0,0,0,1,0,0,0,0,1,0,0,0,0,0,0,0,0,0,0,0,1,0,0,0,0,0,0,0,0,0,1,0,0,0,0,0,0,0,0.0
12525,20111018,GM.PB,,100000000.0,535352.0,,39.28,39.79,38.25,38.55,1.03887125,B,DE,33611,976.0,D,1,0,0,0,0,1,0,0,0,0,0,0,1,0,0,0,0,0,0,0,1,0,0,0,0,1,0,0,0,0,0,0,0,0,0,0,0,1,0,0,0,0,0,0,0,0,0,1,0,0,0,0,0,0,0,1.0
12526,20111019,GM.PB,,100000000.0,564909.0,,38.65,39.47,38.57,39.2,1.03887125,B,DE,33611,976.0,D,1,0,0,0,0,1,0,0,0,0,0,0,1,0,0,0,0,0,0,0,1,0,0,0,0,1,0,0,0,0,0,0,0,0,0,0,0,1,0,0,0,0,0,0,0,0,0,1,0,0,0,0,0,0,0,0.0
12527,20111020,GM.PB,,100000000.0,203628.0,,38.24,38.72,38.018,38.44,1.03887125,B,DE,33611,976.0,D,1,0,0,0,0,1,0,0,0,0,0,0,1,0,0,0,0,0,0,0,1,0,0,0,0,1,0,0,0,0,0,0,0,0,0,0,0,1,0,0,0,0,0,0,0,0,0,1,0,0,0,0,0,0,0,0.0
12528,20111021,GM.PB,,100000000.0,195222.0,,40.0,40.0,38.71,38.75,1.03887125,B,DE,33611,976.0,D,1,0,0,0,0,1,0,0,0,0,0,0,1,0,0,0,0,0,0,0,1,0,0,0,0,1,0,0,0,0,0,0,0,0,0,0,0,1,0,0,0,0,0,0,0,0,0,1,0,0,0,0,0,0,0,1.0
12529,20111024,GM.PB,,100000000.0,562556.0,,40.76,41.05,40.0,40.0,1.03887125,B,DE,33611,976.0,D,1,0,0,0,0,1,0,0,0,0,0,0,1,0,0,0,0,0,0,0,1,0,0,0,0,1,0,0,0,0,0,0,0,0,0,0,0,1,0,0,0,0,0,0,0,0,0,1,0,0,0,0,0,0,0,1.0
12530,20111025,GM.PB,,100000000.0,98000.0,,40.55,40.86,39.78,40.5,1.03887125,B,DE,33611,976.0,D,1,0,0,0,0,1,0,0,0,0,0,0,1,0,0,0,0,0,0,0,1,0,0,0,0,1,0,0,0,0,0,0,0,0,0,0,0,1,0,0,0,0,0,0,0,0,0,1,0,0,0,0,0,0,0,0.0
12531,20111026,GM.PB,,100000000.0,1356700.0,,40.67,41.0299,40.11,40.63,1.03887125,B,DE,33611,976.0,D,1,0,0,0,0,1,0,0,0,0,0,0,1,0,0,0,0,0,0,0,1,0,0,0,0,1,0,0,0,0,0,0,0,0,0,0,0,1,0,0,0,0,0,0,0,0,0,1,0,0,0,0,0,0,0,1.0
12532,20111027,GM.PB,,100000000.0,394651.0,,42.25,42.3,40.9006,42.25,1.03887125,B,DE,33611,976.0,D,1,0,0,0,0,1,0,0,0,0,0,0,1,0,0,0,0,0,0,0,1,0,0,0,0,1,0,0,0,0,0,0,0,0,0,0,0,1,0,0,0,0,0,0,0,0,0,1,0,0,0,0,0,0,0,1.0
12533,20111028,GM.PB,,100000000.0,177849.0,,42.44,42.5,41.99,42.08,1.03887125,B,DE,33611,976.0,D,1,0,0,0,0,1,0,0,0,0,0,0,1,0,0,0,0,0,0,0,1,0,0,0,0,1,0,0,0,0,0,0,0,0,0,0,0,1,0,0,0,0,0,0,0,0,0,1,0,0,0,0,0,0,0,1.0
12534,20111031,GM.PB,,100000000.0,171980.0,,41.7997,42.04,41.42,41.86,1.03887125,B,DE,33611,976.0,D,1,0,0,0,0,1,0,0,0,0,0,0,1,0,0,0,0,0,0,0,1,0,0,0,0,1,0,0,0,0,0,0,0,0,0,0,0,1,0,0,0,0,0,0,0,0,0,1,0,0,0,0,0,0,0,0.0
12535,20111101,GM.PB,,100000000.0,222729.0,,38.81,41.25,38.55,41.25,1.03887125,B,DE,33611,976.0,D,1,0,0,0,0,1,0,0,0,0,0,0,1,0,0,0,0,0,0,0,1,0,0,0,0,1,0,0,0,0,0,0,0,0,0,0,0,1,0,0,0,0,0,0,0,0,0,1,0,0,0,0,0,0,0,0.0
12536,20111102,GM.PB,,100000000.0,1121045.0,,38.69,39.21,38.31,39.13,1.03887125,B,DE,33611,976.0,D,1,0,0,0,0,1,0,0,0,0,0,0,1,0,0,0,0,0,0,0,1,0,0,0,0,1,0,0,0,0,0,0,0,0,0,0,0,1,0,0,0,0,0,0,0,0,0,1,0,0,0,0,0,0,0,0.0
12537,20111103,GM.PB,,100000000.0,1344693.0,,39.5,39.5,38.25,39.19,1.03887125,B,DE,33611,976.0,D,1,0,0,0,0,1,0,0,0,0,0,0,1,0,0,0,0,0,0,0,1,0,0,0,0,1,0,0,0,0,0,0,0,0,0,0,0,1,0,0,0,0,0,0,0,0,0,1,0,0,0,0,0,0,0,1.0
12538,20111104,GM.PB,,100000000.0,1236116.0,,38.99,39.3,38.57,39.15,1.03887125,B,DE,33611,976.0,D,1,0,0,0,0,1,0,0,0,0,0,0,1,0,0,0,0,0,0,0,1,0,0,0,0,1,0,0,0,0,0,0,0,0,0,0,0,1,0,0,0,0,0,0,0,0,0,1,0,0,0,0,0,0,0,0.0
12539,20111107,GM.PB,,100000000.0,439650.0,,39.45,39.71,38.951,39.27,1.03887125,B,DE,33611,976.0,D,1,0,0,0,0,1,0,0,0,0,0,0,1,0,0,0,0,0,0,0,1,0,0,0,0,1,0,0,0,0,0,0,0,0,0,0,0,1,0,0,0,0,0,0,0,0,0,1,0,0,0,0,0,0,0,1.0
12540,20111108,GM.PB,,100000000.0,246643.0,,40.3,40.69,39.35,39.7,1.03887125,B,DE,33611,976.0,D,1,0,0,0,0,1,0,0,0,0,0,0,1,0,0,0,0,0,0,0,1,0,0,0,0,1,0,0,0,0,0,0,0,0,0,0,0,1,0,0,0,0,0,0,0,0,0,1,0,0,0,0,0,0,0,1.0
12541,20111109,GM.PB,,100000000.0,212047.0,,37.39,38.8,37.18,38.8,1.03887125,B,DE,33611,976.0,D,1,0,0,0,0,1,0,0,0,0,0,0,1,0,0,0,0,0,0,0,1,0,0,0,0,1,0,0,0,0,0,0,0,0,0,0,0,1,0,0,0,0,0,0,0,0,0,1,0,0,0,0,0,0,0,0.0
12542,20111110,GM.PB,,100000000.0,443830.0,,36.8,37.11,36.28,36.88,1.05563434,B,DE,33611,976.0,D,1,0,0,0,0,1,0,0,0,0,0,0,1,0,0,0,0,0,0,0,1,0,0,0,0,1,0,0,0,0,0,0,0,0,0,0,0,1,0,0,0,0,0,0,0,0,0,1,0,0,0,0,0,0,0,0.0
12543,20111111,GM.PB,,100000000.0,232601.0,,36.65,37.28,36.25,37.24,1.05563434,B,DE,33611,976.0,D,1,0,0,0,0,1,0,0,0,0,0,0,1,0,0,0,0,0,0,0,1,0,0,0,0,1,0,0,0,0,0,0,0,0,0,0,0,1,0,0,0,0,0,0,0,0,0,1,0,0,0,0,0,0,0,0.0
12544,20111114,GM.PB,,100000000.0,488472.0,,36.79,37.27,36.52,36.52,1.05563434,B,DE,33611,976.0,D,1,0,0,0,0,1,0,0,0,0,0,0,1,0,0,0,0,0,0,0,1,0,0,0,0,1,0,0,0,0,0,0,0,0,0,0,0,1,0,0,0,0,0,0,0,0,0,1,0,0,0,0,0,0,0,1.0
12545,20111115,GM.PB,,100000000.0,964762.0,,37.0,37.35,36.53,36.67,1.05563434,B,DE,33611,976.0,D,1,0,0,0,0,1,0,0,0,0,0,0,1,0,0,0,0,0,0,0,1,0,0,0,0,1,0,0,0,0,0,0,0,0,0,0,0,1,0,0,0,0,0,0,0,0,0,1,0,0,0,0,0,0,0,1.0
12546,20111116,GM.PB,,100000000.0,732298.0,,36.36,37.15,36.31,37.0,1.05563434,B,DE,33611,976.0,D,1,0,0,0,0,1,0,0,0,0,0,0,1,0,0,0,0,0,0,0,1,0,0,0,0,1,0,0,0,0,0,0,0,0,0,0,0,1,0,0,0,0,0,0,0,0,0,1,0,0,0,0,0,0,0,0.0
12547,20111117,GM.PB,,100000000.0,606641.0,,35.39,36.42,34.9958,36.3,1.05563434,B,DE,33611,976.0,D,1,0,0,0,0,1,0,0,0,0,0,0,1,0,0,0,0,0,0,0,1,0,0,0,0,1,0,0,0,0,0,0,0,0,0,0,0,1,0,0,0,0,0,0,0,0,0,1,0,0,0,0,0,0,0,0.0
12548,20111118,GM.PB,,100000000.0,125131.0,,35.32,35.656,35.1764,35.61,1.05563434,B,DE,33611,976.0,D,1,0,0,0,0,1,0,0,0,0,0,0,1,0,0,0,0,0,0,0,1,0,0,0,0,1,0,0,0,0,0,0,0,0,0,0,0,1,0,0,0,0,0,0,0,0,0,1,0,0,0,0,0,0,0,0.0
12549,20111121,GM.PB,,100000000.0,224137.0,,34.54,34.589,33.87,34.46,1.05563434,B,DE,33611,976.0,D,1,0,0,0,0,1,0,0,0,0,0,0,1,0,0,0,0,0,0,0,1,0,0,0,0,1,0,0,0,0,0,0,0,0,0,0,0,1,0,0,0,0,0,0,0,0,0,1,0,0,0,0,0,0,0,0.0
12550,20111122,GM.PB,,100000000.0,237247.0,,34.28,34.6,34.15,34.47,1.05563434,B,DE,33611,976.0,D,1,0,0,0,0,1,0,0,0,0,0,0,1,0,0,0,0,0,0,0,1,0,0,0,0,1,0,0,0,0,0,0,0,0,0,0,0,1,0,0,0,0,0,0,0,0,0,1,0,0,0,0,0,0,0,0.0
12551,20111123,GM.PB,,100000000.0,523767.0,,33.24,34.04,33.19,34.0,1.05563434,B,DE,33611,976.0,D,1,0,0,0,0,1,0,0,0,0,0,0,1,0,0,0,0,0,0,0,1,0,0,0,0,1,0,0,0,0,0,0,0,0,0,0,0,1,0,0,0,0,0,0,0,0,0,1,0,0,0,0,0,0,0,0.0
12552,20111125,GM.PB,,100000000.0,137139.0,,33.0,33.667,32.93,33.38,1.05563434,B,DE,33611,976.0,D,1,0,0,0,0,1,0,0,0,0,0,0,1,0,0,0,0,0,0,0,1,0,0,0,0,1,0,0,0,0,0,0,0,0,0,0,0,1,0,0,0,0,0,0,0,0,0,1,0,0,0,0,0,0,0,0.0
12553,20111128,GM.PB,,100000000.0,580883.0,,33.5,33.935,33.34,33.79,1.05563434,B,DE,33611,976.0,D,1,0,0,0,0,1,0,0,0,0,0,0,1,0,0,0,0,0,0,0,1,0,0,0,0,1,0,0,0,0,0,0,0,0,0,0,0,1,0,0,0,0,0,0,0,0,0,1,0,0,0,0,0,0,0,1.0
12554,20111129,GM.PB,,100000000.0,109875.0,,32.93,33.6,32.89,33.6,1.05563434,B,DE,33611,976.0,D,1,0,0,0,0,1,0,0,0,0,0,0,1,0,0,0,0,0,0,0,1,0,0,0,0,1,0,0,0,0,0,0,0,0,0,0,0,1,0,0,0,0,0,0,0,0,0,1,0,0,0,0,0,0,0,0.0
12555,20111130,GM.PB,,100000000.0,413639.0,,34.18,34.18,33.65,34.0,1.05563434,B,DE,33611,976.0,D,1,0,0,0,0,1,0,0,0,0,0,0,1,0,0,0,0,0,0,0,1,0,0,0,0,1,0,0,0,0,0,0,0,0,0,0,0,1,0,0,0,0,0,0,0,0,0,1,0,0,0,0,0,0,0,1.0
12556,20111201,GM.PB,,100000000.0,219860.0,,33.95,34.75,33.73,34.33,1.05563434,B,DE,33611,976.0,D,1,0,0,0,0,1,0,0,0,0,0,0,1,0,0,0,0,0,0,0,1,0,0,0,0,1,0,0,0,0,0,0,0,0,0,0,0,1,0,0,0,0,0,0,0,0,0,1,0,0,0,0,0,0,0,0.0
12557,20111202,GM.PB,,100000000.0,523476.0,,34.66,34.75,34.02,34.52,1.05563434,B,DE,33611,976.0,D,1,0,0,0,0,1,0,0,0,0,0,0,1,0,0,0,0,0,0,0,1,0,0,0,0,1,0,0,0,0,0,0,0,0,0,0,0,1,0,0,0,0,0,0,0,0,0,1,0,0,0,0,0,0,0,1.0
12558,20111205,GM.PB,,100000000.0,353285.0,,35.13,35.45,34.7,34.7,1.05563434,B,DE,33611,976.0,D,1,0,0,0,0,1,0,0,0,0,0,0,1,0,0,0,0,0,0,0,1,0,0,0,0,1,0,0,0,0,0,0,0,0,0,0,0,1,0,0,0,0,0,0,0,0,0,1,0,0,0,0,0,0,0,1.0
12559,20111206,GM.PB,,100000000.0,280246.0,,34.91,35.28,34.43,35.02,1.05563434,B,DE,33611,976.0,D,1,0,0,0,0,1,0,0,0,0,0,0,1,0,0,0,0,0,0,0,1,0,0,0,0,1,0,0,0,0,0,0,0,0,0,0,0,1,0,0,0,0,0,0,0,0,0,1,0,0,0,0,0,0,0,0.0
12560,20111207,GM.PB,,100000000.0,171561.0,,35.3,35.53,34.79,35.0,1.05563434,B,DE,33611,976.0,D,1,0,0,0,0,1,0,0,0,0,0,0,1,0,0,0,0,0,0,0,1,0,0,0,0,1,0,0,0,0,0,0,0,0,0,0,0,1,0,0,0,0,0,0,0,0,0,1,0,0,0,0,0,0,0,1.0
12561,20111208,GM.PB,,100000000.0,63911.0,,34.03,35.05,34.0,34.84,1.05563434,B,DE,33611,976.0,D,1,0,0,0,0,1,0,0,0,0,0,0,1,0,0,0,0,0,0,0,1,0,0,0,0,1,0,0,0,0,0,0,0,0,0,0,0,1,0,0,0,0,0,0,0,0,0,1,0,0,0,0,0,0,0,0.0
12562,20111209,GM.PB,,100000000.0,293362.0,,34.31,34.63,34.17,34.36,1.05563434,B,DE,33611,976.0,D,1,0,0,0,0,1,0,0,0,0,0,0,1,0,0,0,0,0,0,0,1,0,0,0,0,1,0,0,0,0,0,0,0,0,0,0,0,1,0,0,0,0,0,0,0,0,0,1,0,0,0,0,0,0,0,1.0
12563,20111212,GM.PB,,100000000.0,160991.0,,33.85,33.97,33.46,33.97,1.05563434,B,DE,33611,976.0,D,1,0,0,0,0,1,0,0,0,0,0,0,1,0,0,0,0,0,0,0,1,0,0,0,0,1,0,0,0,0,0,0,0,0,0,0,0,1,0,0,0,0,0,0,0,0,0,1,0,0,0,0,0,0,0,0.0
12564,20111213,GM.PB,,100000000.0,772725.0,,32.98,34.11,32.86,33.87,1.05563434,B,DE,33611,976.0,D,1,0,0,0,0,1,0,0,0,0,0,0,1,0,0,0,0,0,0,0,1,0,0,0,0,1,0,0,0,0,0,0,0,0,0,0,0,1,0,0,0,0,0,0,0,0,0,1,0,0,0,0,0,0,0,0.0
12565,20111214,GM.PB,,100000000.0,633279.0,,32.07,32.97,32.07,32.97,1.05563434,B,DE,33611,976.0,D,1,0,0,0,0,1,0,0,0,0,0,0,1,0,0,0,0,0,0,0,1,0,0,0,0,1,0,0,0,0,0,0,0,0,0,0,0,1,0,0,0,0,0,0,0,0,0,1,0,0,0,0,0,0,0,0.0
12566,20111215,GM.PB,,100000000.0,314765.0,,32.97,33.1,32.18,32.28,1.05563434,B,DE,33611,976.0,D,1,0,0,0,0,1,0,0,0,0,0,0,1,0,0,0,0,0,0,0,1,0,0,0,0,1,0,0,0,0,0,0,0,0,0,0,0,1,0,0,0,0,0,0,0,0,0,1,0,0,0,0,0,0,0,1.0
12567,20111216,GM.PB,,100000000.0,535744.0,,33.07,33.45,32.86,33.07,1.05563434,B,DE,33611,976.0,D,1,0,0,0,0,1,0,0,0,0,0,0,1,0,0,0,0,0,0,0,1,0,0,0,0,1,0,0,0,0,0,0,0,0,0,0,0,1,0,0,0,0,0,0,0,0,0,1,0,0,0,0,0,0,0,1.0
12568,20111219,GM.PB,,100000000.0,924532.0,,32.28,33.26,31.87,33.26,1.05563434,B,DE,33611,976.0,D,1,0,0,0,0,1,0,0,0,0,0,0,1,0,0,0,0,0,0,0,1,0,0,0,0,1,0,0,0,0,0,0,0,0,0,0,0,1,0,0,0,0,0,0,0,0,0,1,0,0,0,0,0,0,0,0.0
12569,20111220,GM.PB,,100000000.0,975219.0,,32.9,33.55,32.42,32.42,1.05563434,B,DE,33611,976.0,D,1,0,0,0,0,1,0,0,0,0,0,0,1,0,0,0,0,0,0,0,1,0,0,0,0,1,0,0,0,0,0,0,0,0,0,0,0,1,0,0,0,0,0,0,0,0,0,1,0,0,0,0,0,0,0,1.0
12570,20111221,GM.PB,,100000000.0,258953.0,,33.9882,34.129,32.87,33.0,1.05563434,B,DE,33611,976.0,D,1,0,0,0,0,1,0,0,0,0,0,0,1,0,0,0,0,0,0,0,1,0,0,0,0,1,0,0,0,0,0,0,0,0,0,0,0,1,0,0,0,0,0,0,0,0,0,1,0,0,0,0,0,0,0,1.0
12571,20111222,GM.PB,,100000000.0,314713.0,,34.75,35.0,33.8,34.17,1.05563434,B,DE,33611,976.0,D,1,0,0,0,0,1,0,0,0,0,0,0,1,0,0,0,0,0,0,0,1,0,0,0,0,1,0,0,0,0,0,0,0,0,0,0,0,1,0,0,0,0,0,0,0,0,0,1,0,0,0,0,0,0,0,1.0
12572,20111223,GM.PB,,100000000.0,174945.0,,34.65,35.17,34.541,34.88,1.05563434,B,DE,33611,976.0,D,1,0,0,0,0,1,0,0,0,0,0,0,1,0,0,0,0,0,0,0,1,0,0,0,0,1,0,0,0,0,0,0,0,0,0,0,0,1,0,0,0,0,0,0,0,0,0,1,0,0,0,0,0,0,0,0.0
12573,20111227,GM.PB,,100000000.0,280842.0,,33.87,34.62,33.86,34.62,1.05563434,B,DE,33611,976.0,D,1,0,0,0,0,1,0,0,0,0,0,0,1,0,0,0,0,0,0,0,1,0,0,0,0,1,0,0,0,0,0,0,0,0,0,0,0,1,0,0,0,0,0,0,0,0,0,1,0,0,0,0,0,0,0,0.0
12574,20111228,GM.PB,,100000000.0,160833.0,,33.73,34.14,33.58,34.14,1.05563434,B,DE,33611,976.0,D,1,0,0,0,0,1,0,0,0,0,0,0,1,0,0,0,0,0,0,0,1,0,0,0,0,1,0,0,0,0,0,0,0,0,0,0,0,1,0,0,0,0,0,0,0,0,0,1,0,0,0,0,0,0,0,0.0
12575,20111229,GM.PB,,100000000.0,467167.0,,34.07,34.2,33.62,33.82,1.05563434,B,DE,33611,976.0,D,1,0,0,0,0,1,0,0,0,0,0,0,1,0,0,0,0,0,0,0,1,0,0,0,0,1,0,0,0,0,0,0,0,0,0,0,0,1,0,0,0,0,0,0,0,0,0,1,0,0,0,0,0,0,0,1.0
12576,20111230,GM.PB,,100000000.0,223511.0,,34.25,34.43,33.81,33.81,1.05563434,B,DE,33611,976.0,D,1,0,0,0,0,1,0,0,0,0,0,0,1,0,0,0,0,0,0,0,1,0,0,0,0,1,0,0,0,0,0,0,0,0,0,0,0,1,0,0,0,0,0,0,0,0,0,1,0,0,0,0,0,0,0,1.0
